Timestamp,Temp (C),Humidity (%),Light,Sound,Motion
2025-06-08 17:58:01.451481,28.0,41.0,106,293,1
2025-06-08 17:58:06.471346,28.0,41.0,108,290,1
2025-06-08 17:58:11.515277,28.0,41.0,103,338,1
2025-06-08 17:58:16.531846,28.0,41.0,105,290,0
2025-06-08 17:58:21.548070,28.0,41.0,99,289,0
2025-06-08 17:58:26.564962,28.0,41.0,93,290,1
2025-06-08 17:58:31.581924,28.0,41.0,86,289,1
2025-06-08 17:58:36.598100,28.0,41.0,93,292,0
2025-06-08 17:58:41.614151,28.0,41.0,92,290,0
2025-06-08 17:58:46.630946,28.0,41.0,93,291,1
2025-06-08 17:58:51.647767,28.0,41.0,86,319,1
2025-06-08 17:58:56.663953,28.0,40.0,87,288,0
2025-06-08 17:59:01.680064,28.0,40.0,83,289,0
2025-06-08 17:59:06.705119,28.0,41.0,82,317,1
2025-06-08 17:59:11.721444,28.0,41.0,80,289,0
2025-06-08 17:59:16.737979,28.0,41.0,76,287,0
2025-06-08 17:59:21.762014,28.0,41.0,75,311,0
2025-06-08 17:59:26.779006,28.0,41.0,75,288,1
2025-06-08 17:59:31.804361,28.0,41.0,68,290,1
2025-06-08 17:59:36.820790,28.0,41.0,69,328,0
2025-06-08 17:59:41.837945,28.0,41.0,63,346,0
2025-06-08 17:59:46.856118,28.0,41.0,67,291,1
2025-06-08 17:59:51.872375,28.0,41.0,63,574,0
2025-06-08 17:59:56.888685,28.0,41.0,63,289,0
2025-06-08 18:00:01.904776,28.0,41.0,60,288,0
2025-06-08 18:00:06.920978,28.0,40.0,62,288,0
2025-06-08 18:00:11.937421,28.0,41.0,58,320,0
Timestamp,Temp (C),Humidity (%),Light,Sound,Motion
Timestamp,Temp (C),Humidity (%),Light,Sound,Motion
2025-06-08 18:03:53.125391,27.0,42.0,48,288,0
2025-06-08 18:03:58.142441,27.0,42.0,47,286,1
2025-06-08 18:04:03.159395,27.0,42.0,50,286,1
2025-06-08 18:04:08.175538,27.0,42.0,47,286,0
2025-06-08 18:04:13.201898,27.0,42.0,47,321,0
2025-06-08 18:04:18.219210,27.0,42.0,48,285,1
2025-06-08 18:04:23.236084,27.0,42.0,44,288,1
2025-06-08 18:04:29.593413,27.0,42.0,46,285,1
2025-06-08 18:04:34.610882,27.0,42.0,44,283,1
2025-06-08 18:04:39.637133,27.0,42.0,48,328,0
2025-06-08 18:04:44.654543,27.0,42.0,46,287,1
2025-06-08 18:04:49.670692,27.0,42.0,45,283,0
Timestamp,Temp (C),Humidity (%),Light,Sound,Motion
2025-06-08 18:07:03.241190,27.0,43.0,283,283,1
2025-06-08 18:07:08.257624,27.0,43.0,281,281,0
2025-06-08 18:07:13.273744,27.0,43.0,282,282,0
2025-06-08 18:07:18.290221,27.0,43.0,329,329,1
2025-06-08 18:07:23.316785,27.0,43.0,289,289,1
2025-06-08 18:07:28.333359,27.0,43.0,282,282,0
2025-06-08 18:07:33.349550,27.0,43.0,285,285,1
2025-06-08 18:07:38.365895,27.0,43.0,281,281,1
2025-06-08 18:07:43.382014,27.0,43.0,281,281,0
2025-06-08 18:07:48.406224,27.0,43.0,345,345,1
2025-06-08 18:07:53.422534,27.0,43.0,298,298,0
2025-06-08 18:07:58.438811,27.0,43.0,276,276,0
2025-06-08 18:08:03.455001,27.0,43.0,278,278,0
2025-06-08 18:08:08.471066,28.0,44.0,326,326,1
2025-06-08 18:08:13.497258,27.0,43.0,428,428,0
2025-06-08 18:08:18.513660,27.0,42.0,325,325,0
2025-06-08 18:08:23.529761,28.0,43.0,325,325,1
2025-06-08 18:08:28.545859,27.0,43.0,326,326,0
2025-06-08 18:08:33.572037,27.0,42.0,348,348,1
2025-06-08 18:08:38.588513,27.0,42.0,324,324,1
2025-06-08 18:08:43.608221,-1,-1,324,324,1
Timestamp,Temp (C),Humidity (%),Light,Sound,Motion
2025-06-09 15:27:24.532615,25.0,44.0,60,60,0
2025-06-09 15:27:29.549834,25.0,44.0,57,57,1
2025-06-09 15:27:34.575959,25.0,43.0,94,94,0
2025-06-09 15:27:39.592226,25.0,43.0,59,59,0
2025-06-09 15:27:44.608318,25.0,43.0,58,58,0
2025-06-09 15:27:49.624713,25.0,43.0,59,59,0
2025-06-09 15:27:54.640950,25.0,43.0,91,91,0
2025-06-09 15:27:59.657242,25.0,43.0,59,59,0
2025-06-09 15:28:04.673588,25.0,43.0,59,59,0
2025-06-09 15:28:09.690399,25.0,43.0,60,60,1
2025-06-09 15:28:14.717474,25.0,43.0,74,74,1
2025-06-09 15:28:19.734958,25.0,44.0,58,58,1
2025-06-09 15:28:24.750978,25.0,44.0,59,59,0
2025-06-09 15:28:29.766976,25.0,44.0,59,59,0
2025-06-09 15:28:34.783066,25.0,43.0,60,60,0
2025-06-09 15:28:39.799287,25.0,43.0,59,59,0
2025-06-09 15:28:44.815343,25.0,43.0,61,61,0
2025-06-09 15:28:49.840605,25.0,42.0,91,91,1
2025-06-09 15:28:54.856942,25.0,42.0,60,60,0
2025-06-09 15:28:59.873540,25.0,42.0,410,410,0
2025-06-09 15:29:04.889577,25.0,42.0,480,480,0
2025-06-09 15:29:09.905600,25.0,42.0,480,480,0
2025-06-09 15:29:14.921874,25.0,43.0,388,388,1
2025-06-09 15:29:19.937860,25.0,43.0,417,417,1
2025-06-09 15:29:24.954407,25.0,43.0,386,386,0
2025-06-09 15:29:29.980552,25.0,43.0,391,391,0
2025-06-09 15:29:34.998039,25.0,42.0,360,360,0
2025-06-09 15:29:40.016776,25.0,41.0,393,393,0
2025-06-09 15:29:45.033627,25.0,41.0,351,351,0
2025-06-09 15:29:50.051877,25.0,41.0,348,348,0
2025-06-09 15:29:55.068454,25.0,40.0,347,347,0
2025-06-09 15:30:00.085147,25.0,40.0,346,346,0
2025-06-09 15:30:05.101424,25.0,40.0,386,386,0
2025-06-09 15:30:10.135170,25.0,39.0,393,393,0
2025-06-09 15:30:15.159387,26.0,41.0,348,348,1
2025-06-09 15:30:20.183335,25.0,40.0,344,344,0
2025-06-09 15:30:25.206945,25.0,40.0,345,345,0
2025-06-09 15:30:30.258866,26.0,41.0,345,345,1
2025-06-09 15:30:35.283994,26.0,41.0,344,344,1
2025-06-09 15:30:40.310225,26.0,41.0,374,374,0
2025-06-09 15:30:45.336170,26.0,40.0,336,336,0
2025-06-09 15:30:50.368042,26.0,40.0,336,336,0
2025-06-09 15:30:55.407343,25.0,39.0,340,340,0
2025-06-09 15:31:00.426542,26.0,40.0,336,336,0
2025-06-09 15:31:05.447589,26.0,40.0,335,335,0
2025-06-09 15:31:10.463633,26.0,40.0,334,334,0
2025-06-09 15:31:15.479621,26.0,40.0,334,334,0
Timestamp,Temp (C),Humidity (%),Light,Sound,Motion
2025-06-09 15:36:57.859346,27.0,36.0,361,62,0
2025-06-09 15:37:02.876472,27.0,36.0,353,66,0
2025-06-09 15:37:07.902384,28.0,37.0,355,97,0
2025-06-09 15:37:12.919528,28.0,37.0,20,237,0
2025-06-09 15:37:17.935483,28.0,37.0,14,64,0
2025-06-09 15:37:22.961569,27.0,36.0,13,94,0
2025-06-09 15:37:27.978186,28.0,37.0,358,65,0
2025-06-09 15:37:32.995644,28.0,37.0,361,66,0
2025-06-09 15:37:38.011617,28.0,38.0,358,65,0
2025-06-09 15:37:43.029453,27.0,36.0,361,64,0
2025-06-09 15:37:48.046603,28.0,37.0,355,64,0
2025-06-09 15:37:53.063365,28.0,37.0,357,62,0
2025-06-09 15:37:58.086001,28.0,37.0,359,223,0
2025-06-09 15:38:03.103691,28.0,37.0,356,66,0
2025-06-09 15:38:08.120165,28.0,37.0,355,66,0
2025-06-09 15:38:13.145967,28.0,38.0,356,104,0
2025-06-09 15:38:18.172526,28.0,38.0,347,83,0
2025-06-09 15:38:23.198552,28.0,38.0,344,91,0
2025-06-09 15:38:28.225391,28.0,37.0,346,106,0
2025-06-09 15:38:33.252184,28.0,38.0,341,68,0
2025-06-09 15:38:38.268524,28.0,37.0,348,66,0
2025-06-09 15:38:43.285092,28.0,38.0,351,67,0
2025-06-09 15:38:48.311011,28.0,38.0,350,122,0
2025-06-09 15:38:53.327522,28.0,38.0,356,66,0
2025-06-09 15:38:58.343491,28.0,37.0,355,66,0
2025-06-09 15:39:03.359497,28.0,37.0,351,68,0
2025-06-09 15:39:08.375497,28.0,37.0,217,66,0
2025-06-09 15:39:13.391465,28.0,37.0,6,68,0
2025-06-09 15:39:18.415607,28.0,37.0,212,130,0
2025-06-09 15:39:23.432588,28.0,37.0,1,68,1
2025-06-09 15:39:28.448593,28.0,37.0,0,68,0
2025-06-09 15:39:33.464581,28.0,37.0,347,67,0
2025-06-09 15:39:38.480514,28.0,37.0,357,68,0
2025-06-09 15:39:43.506892,28.0,37.0,352,189,0
2025-06-09 15:39:48.523511,28.0,37.0,332,67,1
2025-06-09 15:39:53.539491,28.0,37.0,327,67,0
2025-06-09 15:39:58.555479,28.0,37.0,367,68,0
2025-06-09 15:40:03.571502,28.0,37.0,355,112,1
2025-06-09 15:40:08.597318,28.0,37.0,367,258,0
2025-06-09 15:40:13.615888,28.0,37.0,368,70,0
2025-06-09 15:40:18.631894,28.0,37.0,368,68,0
2025-06-09 15:40:23.650559,28.0,37.0,360,108,0
2025-06-09 15:40:28.680066,28.0,37.0,365,106,0
2025-06-09 15:40:33.697280,28.0,36.0,360,130,0
2025-06-09 15:40:38.714151,28.0,37.0,367,70,0
2025-06-09 15:40:43.740910,28.0,36.0,364,102,0
2025-06-09 15:40:48.770707,28.0,36.0,357,69,0
2025-06-09 15:40:53.786909,28.0,36.0,360,69,0
2025-06-09 15:40:58.803244,28.0,37.0,360,68,0
2025-06-09 15:41:03.829105,28.0,37.0,358,111,0
2025-06-09 15:41:08.845436,28.0,37.0,359,69,0
2025-06-09 15:41:13.862401,28.0,37.0,358,71,0
2025-06-09 15:41:18.879581,28.0,36.0,359,70,0
2025-06-09 15:41:23.905360,28.0,36.0,355,82,0
2025-06-09 15:41:28.921646,28.0,36.0,352,71,0
2025-06-09 15:41:33.937671,28.0,36.0,355,69,0
2025-06-09 15:41:38.953660,28.0,36.0,354,69,0
2025-06-09 15:41:43.969689,28.0,36.0,357,69,0
2025-06-09 15:41:48.995846,28.0,36.0,363,83,0
2025-06-09 15:41:54.012183,28.0,36.0,358,69,0
2025-06-09 15:41:59.028822,28.0,36.0,357,72,0
2025-06-09 15:42:04.044855,28.0,36.0,348,70,0
2025-06-09 15:42:09.060912,28.0,36.0,357,71,0
2025-06-09 15:42:14.086794,28.0,35.0,363,101,0
2025-06-09 15:42:19.103634,28.0,35.0,363,71,0
2025-06-09 15:42:24.119651,28.0,35.0,362,72,0
2025-06-09 15:42:29.135610,28.0,35.0,361,72,0
2025-06-09 15:42:34.151613,28.0,35.0,360,71,0
2025-06-09 15:42:39.177528,28.0,35.0,361,97,0
2025-06-09 15:42:44.193898,28.0,35.0,367,72,0
2025-06-09 15:42:49.209872,28.0,35.0,369,72,0
2025-06-09 15:42:54.225838,28.0,36.0,369,72,0
2025-06-09 15:42:59.241852,28.0,37.0,370,72,0
2025-06-09 15:43:04.257895,28.0,37.0,366,72,0
2025-06-09 15:43:09.283974,28.0,36.0,367,98,0
2025-06-09 15:43:14.300199,28.0,36.0,364,74,0
2025-06-09 15:43:19.316257,28.0,36.0,365,73,0
2025-06-09 15:43:24.332285,28.0,36.0,363,73,0
2025-06-09 15:43:29.348230,28.0,36.0,369,74,0
2025-06-09 15:43:34.374005,28.0,36.0,368,111,0
2025-06-09 15:43:39.390207,28.0,36.0,370,73,0
2025-06-09 15:43:44.406344,28.0,36.0,368,73,0
2025-06-09 15:43:49.422302,28.0,36.0,369,72,0
2025-06-09 15:43:54.448659,28.0,36.0,355,74,0
2025-06-09 15:43:59.464885,28.0,36.0,360,73,0
2025-06-09 15:44:04.480848,28.0,36.0,364,72,0
2025-06-09 15:44:09.496873,28.0,36.0,363,76,0
2025-06-09 15:44:14.520757,28.0,36.0,362,399,0
2025-06-09 15:44:19.536931,28.0,36.0,365,75,0
2025-06-09 15:44:24.552877,28.0,36.0,375,73,0
2025-06-09 15:44:29.568842,28.0,37.0,374,73,0
2025-06-09 15:44:34.592754,28.0,37.0,369,105,0
2025-06-09 15:44:39.608894,28.0,37.0,370,72,0
2025-06-09 15:44:44.624888,28.0,37.0,372,72,0
2025-06-09 15:44:49.640980,28.0,37.0,374,75,0
2025-06-09 15:44:54.667480,28.0,37.0,369,127,0
2025-06-09 15:44:59.684316,28.0,37.0,367,75,0
2025-06-09 15:45:04.700603,28.0,37.0,362,75,0
2025-06-09 15:45:09.716618,28.0,37.0,368,75,0
2025-06-09 15:45:14.742529,28.0,37.0,365,91,0
2025-06-09 15:45:19.759064,28.0,37.0,373,76,0
2025-06-09 15:45:24.775261,28.0,37.0,384,75,0
2025-06-09 15:45:29.791391,28.0,38.0,382,74,0
2025-06-09 15:45:34.817445,28.0,38.0,394,109,0
2025-06-09 15:45:39.834161,28.0,38.0,383,74,0
2025-06-09 15:45:44.850192,28.0,37.0,394,76,0
2025-06-09 15:45:49.866269,28.0,37.0,386,75,0
2025-06-09 15:45:54.892300,28.0,37.0,393,76,0
2025-06-09 15:45:59.908565,28.0,36.0,394,75,0
Timestamp,Temp (C),Humidity (%),Light,Sound,Motion
2025-06-09 15:52:49.294828,27.0,37.0,399,82,0
2025-06-09 15:52:54.311357,27.0,37.0,405,82,0
2025-06-09 15:52:59.329160,27.0,37.0,386,89,0
2025-06-09 15:53:04.345221,27.0,37.0,389,84,1
Timestamp,Temp (C),Humidity (%),Light,Sound,Motion
Timestamp,Temp (C),Humidity (%),Light,Sound,Motion
Timestamp,Temp (C),Humidity (%),Light,Sound,Motion
Timestamp,Temp (C),Humidity (%),Light,Sound,Motion
Timestamp,Temp (C),Humidity (%),Light,Sound,Motion
2025-06-09 16:14:43.286995,-1,-1,117,117,0
2025-06-09 16:14:48.313456,-1,-1,108,108,0
2025-06-09 16:14:53.336029,-1,-1,110,110,0
2025-06-09 16:14:58.371664,-1,-1,138,138,0
2025-06-09 16:15:03.396764,-1,-1,107,107,0
2025-06-09 16:15:08.419442,-1,-1,107,107,0
2025-06-09 16:15:13.446179,-1,-1,107,107,0
2025-06-09 16:15:18.469322,-1,-1,107,107,0
2025-06-09 16:15:23.487587,-1,-1,108,108,1
2025-06-09 16:15:28.518175,-1,-1,303,118,0
2025-06-09 16:15:33.548488,-1,-1,342,109,0
2025-06-09 22:20:11.849901,25.0,45.0,10,41,0
2025-06-09 22:20:18.457460,25.0,45.0,6,155,1
2025-06-09 22:20:25.094316,25.0,45.0,15,54,0
2025-06-09 22:35:44.797971,25.0,44.0,48,48,0
2025-06-09 22:35:50.814675,26.0,45.0,8,47,0
2025-06-09 22:35:56.780437,26.0,45.0,10,47,0
2025-06-09 22:36:02.959654,26.0,45.0,6,45,0
2025-06-09 22:36:08.944027,26.0,45.0,19,67,0
2025-06-09 22:36:14.939199,nan,nan,83,83,0
2025-06-09 22:36:21.175995,26.0,45.0,19,47,1
2025-06-09 22:36:28.068223,26.0,46.0,15,95,0
2025-06-09 22:36:34.040715,25.0,44.0,13,47,0
2025-06-09 22:36:40.009042,26.0,45.0,18,48,0
2025-06-09 22:36:45.971099,26.0,45.0,12,48,1
2025-06-09 22:36:51.963566,26.0,45.0,10,71,0
2025-06-09 22:36:57.981436,26.0,45.0,9,90,1
2025-06-09 22:37:04.000712,26.0,45.0,0,49,0
2025-06-09 22:37:09.973700,26.0,45.0,0,48,0
2025-06-09 22:37:15.972481,26.0,45.0,13,49,0
2025-06-09 22:37:21.975250,26.0,45.0,10,66,1
2025-06-09 22:37:27.968588,26.0,45.0,48,48,1
2025-06-09 22:37:33.968385,26.0,45.0,15,47,0
2025-06-09 22:37:39.960576,26.0,45.0,15,50,0
2025-06-09 22:37:45.950937,26.0,45.0,13,48,0
2025-06-09 22:37:51.965274,26.0,45.0,13,84,0
2025-06-09 22:37:57.987586,26.0,45.0,10,75,0
2025-06-09 22:38:03.987682,26.0,45.0,8,52,0
2025-06-09 22:38:09.976195,nan,nan,48,48,0
Timestamp,Temp (C),Humidity (%),Light,Sound,Motion
2025-06-09 23:08:48.600577,26.0,46.0,9,99,0
2025-06-09 23:08:53.632198,26.0,46.0,7,86,0
2025-06-09 23:08:58.998655,26.0,46.0,6,86,0
2025-06-09 23:09:04.051560,26.0,46.0,8,84,0
Timestamp,Temp (C),Humidity (%),Light,Sound,Motion
2025-06-21 15:18:53.326791,27.0,34.0,235,30,0
2025-06-21 15:18:58.374153,27.0,34.0,238,64,0
2025-06-21 15:19:03.410455,nan,nan,255,255,0
2025-06-21 15:19:08.441581,27.0,34.0,235,28,0
2025-06-21 15:19:13.473918,27.0,34.0,240,31,1
2025-06-21 15:19:18.504617,27.0,33.0,241,406,0
2025-06-21 15:19:23.536537,27.0,34.0,239,28,0
2025-06-21 15:19:28.570930,27.0,33.0,240,31,1
2025-06-21 15:19:33.604678,27.0,33.0,245,31,0
2025-06-21 15:19:38.651827,27.0,33.0,242,47,0
2025-06-21 15:19:43.685397,27.0,33.0,241,32,0
2025-06-21 15:19:48.715967,27.0,33.0,242,32,1
2025-06-21 15:19:53.768894,27.0,33.0,237,32,0
2025-06-21 15:19:58.804241,27.0,33.0,243,31,0
2025-06-21 15:20:03.840380,27.0,33.0,237,33,0
2025-06-21 15:20:08.871184,27.0,33.0,245,33,0
2025-06-21 15:20:13.899071,27.0,33.0,241,36,0
2025-06-21 15:20:18.932082,27.0,33.0,250,32,0
2025-06-21 15:20:23.962742,27.0,33.0,237,34,0
2025-06-21 15:20:28.992807,27.0,33.0,243,32,0
2025-06-21 15:20:34.044031,27.0,33.0,247,71,0
2025-06-21 15:20:39.079276,27.0,33.0,250,34,0
2025-06-21 15:20:44.113803,27.0,33.0,242,33,1
2025-06-21 15:20:49.170959,27.0,33.0,250,35,1
2025-06-21 15:20:54.224349,27.0,33.0,252,35,0
2025-06-21 15:20:59.255609,27.0,33.0,247,33,0
2025-06-21 15:21:04.288361,27.0,33.0,253,32,0
2025-06-21 15:21:09.345957,27.0,33.0,246,33,1
2025-06-21 15:21:14.377797,27.0,33.0,239,33,1
2025-06-21 15:21:19.407972,27.0,33.0,241,36,0
2025-06-21 15:21:24.444461,27.0,33.0,239,36,0
2025-06-21 15:21:29.476374,27.0,33.0,247,34,0
2025-06-21 15:21:34.509388,27.0,33.0,243,44,0
2025-06-21 15:21:39.540101,27.0,33.0,249,38,0
2025-06-21 15:21:44.574285,27.0,33.0,250,34,0
2025-06-21 15:21:49.622512,27.0,33.0,248,74,1
2025-06-21 15:21:54.654274,27.0,33.0,239,37,1
Timestamp,Temp (C),Humidity (%),Light,Sound,Motion
Timestamp,Temp (C),Humidity (%),Light,Sound,Motion
Timestamp,Temp (C),Humidity (%),Light,Sound,Motion
Timestamp,Temp (C),Humidity (%),Light,Sound,Motion
Timestamp,Temp (C),Humidity (%),Light,Sound,Motion
2025-07-05 16:40:14.959668,nan,nan,321,345,1
2025-07-05 16:40:19.990221,nan,nan,269,310,1
2025-07-05 16:40:25.041746,nan,nan,279,344,1
2025-07-05 16:40:30.073032,nan,nan,266,307,1
2025-07-05 16:40:35.104018,nan,nan,265,307,1
2025-07-05 16:40:40.137889,nan,nan,267,307,1
2025-07-05 16:40:45.168603,nan,nan,293,308,1
Timestamp,Temp (C),Humidity (%),Light,Sound,Motion
2025-07-05 16:41:43.476730,nan,nan,769,404,1
2025-07-05 16:41:48.509112,nan,nan,58,247,1
2025-07-05 16:41:53.540920,nan,nan,21,246,1
2025-07-05 16:41:58.572102,nan,nan,16,247,1
2025-07-05 16:42:03.623824,nan,nan,768,248,1
2025-07-05 16:42:08.657047,nan,nan,771,275,1
2025-07-05 16:42:13.708031,nan,nan,769,754,1
2025-07-05 16:42:18.739548,nan,nan,768,303,1
2025-07-05 16:42:23.770509,nan,nan,768,496,1
2025-07-05 16:42:28.802115,nan,nan,769,332,1
2025-07-05 16:42:33.836000,nan,nan,769,318,1
2025-07-05 16:42:38.870563,nan,nan,770,463,1
2025-07-05 16:42:43.920111,nan,nan,770,364,1
2025-07-05 16:42:48.951134,nan,nan,771,313,1
2025-07-05 16:42:53.984020,nan,nan,769,315,1
Timestamp,Temp (C),Humidity (%),Light,Sound,Motion
2025-07-05 16:43:57.304712,nan,nan,768,325,1
2025-07-05 16:44:13.132669,nan,nan,65535,65535,23
2025-07-05 16:44:18.210980,nan,nan,65535,65535,23
2025-07-05 16:44:23.266179,nan,nan,65535,65535,23
2025-07-05 16:44:28.297422,nan,nan,65535,65535,23
2025-07-05 16:44:33.335017,nan,nan,65535,65535,23
2025-07-05 16:44:38.366376,nan,nan,65535,65535,23
2025-07-05 16:44:43.399745,nan,nan,65535,65535,23
2025-07-05 16:44:48.453488,nan,nan,65535,65535,23
2025-07-05 16:44:53.485377,nan,nan,65535,65535,23
2025-07-05 16:44:58.516777,nan,nan,65535,65535,23
2025-07-05 16:45:03.546566,nan,nan,65535,65535,23
2025-07-05 16:45:08.579547,nan,nan,65535,65535,23
Timestamp,Temp (C),Humidity (%),Light,Sound,Motion
2025-07-05 16:45:59.890675,nan,nan,771,275,1
2025-07-05 16:46:04.922784,nan,nan,768,273,1
2025-07-05 16:46:09.954817,nan,nan,44,266,1
2025-07-05 16:46:15.051118,nan,nan,770,155,1
2025-07-05 16:46:20.082662,nan,nan,766,155,1
2025-07-05 16:46:25.121669,nan,nan,770,253,1
2025-07-05 16:46:30.171612,nan,nan,770,100,1
2025-07-05 16:46:35.203718,nan,nan,771,0,1
2025-07-05 16:46:40.234634,nan,nan,770,656,1
2025-07-05 16:46:45.264601,nan,nan,771,652,1
2025-07-05 16:46:50.321747,nan,nan,771,465,1
2025-07-05 16:46:55.352694,nan,nan,769,367,1
2025-07-05 16:47:00.382862,nan,nan,769,341,1
2025-07-05 16:47:05.412248,nan,nan,769,343,1
2025-07-05 16:47:10.439839,nan,nan,769,344,1
2025-07-05 16:47:15.487732,nan,nan,771,366,1
2025-07-05 16:47:20.520766,nan,nan,768,337,1
2025-07-05 16:47:25.552020,nan,nan,769,335,1
2025-07-05 16:47:30.585498,-1,-1,769,334,1
Timestamp,Temp (C),Humidity (%),Light,Sound,Motion
Timestamp,Temp (C),Humidity (%),Light,Sound,Motion
2025-07-05 16:49:15.243222,nan,nan,768,91,1
2025-07-05 16:49:20.276708,nan,nan,768,57,1
2025-07-05 16:49:25.310271,nan,nan,769,59,1
2025-07-05 16:49:30.360336,nan,nan,769,57,1
2025-07-05 16:49:35.394177,nan,nan,768,60,1
Timestamp,Temp (C),Humidity (%),Light,Sound,Motion
Timestamp,Temp (C),Humidity (%),Light,Sound,Motion
2025-07-05 16:59:46.654955,nan,nan,65535,65535,23
2025-07-05 16:59:51.707632,nan,nan,65535,65535,23
Timestamp,Temp (C),Humidity (%),Light,Sound,Motion
2025-07-05 17:00:03.491485,nan,nan,768,110,1
2025-07-05 17:00:08.524629,nan,nan,769,63,1
2025-07-05 17:00:13.557350,nan,nan,769,63,1
Timestamp,Temp (C),Humidity (%),Light,Sound,Motion
2025-07-05 17:00:23.341354,nan,nan,768,109,1
2025-07-05 17:00:28.373439,nan,nan,767,63,1
2025-07-05 17:00:33.406088,nan,nan,766,483,1
2025-07-05 17:00:38.459275,nan,nan,769,63,1
2025-07-05 17:00:43.491256,nan,nan,768,409,1
2025-07-05 17:00:48.523246,nan,nan,546,834,1
2025-07-05 17:00:53.574380,nan,nan,768,59,1
2025-07-05 17:00:58.608075,nan,nan,768,59,1
2025-07-05 17:01:03.642788,nan,nan,769,62,1
2025-07-05 17:01:08.691360,nan,nan,768,105,1
2025-07-05 17:01:13.724051,nan,nan,767,59,1
2025-07-05 17:01:18.755970,nan,nan,768,71,1
2025-07-05 17:01:23.804272,nan,nan,769,89,1
2025-07-05 17:01:28.834767,nan,nan,767,61,1
2025-07-05 17:01:33.865596,nan,nan,767,61,1
2025-07-05 17:01:38.897912,nan,nan,768,63,1
2025-07-05 17:01:43.947070,nan,nan,769,207,1
2025-07-05 17:01:48.979069,nan,nan,769,63,1
2025-07-05 17:01:54.011104,nan,nan,767,63,1
2025-07-05 17:01:59.060666,nan,nan,769,62,1
2025-07-05 17:02:04.093666,nan,nan,766,64,1
2025-07-05 17:02:09.125962,nan,nan,769,64,1
2025-07-05 17:02:14.171665,nan,nan,767,96,1
Timestamp,Temp (C),Humidity (%),Light,Sound,Motion
2025-07-05 19:08:09.829733,nan,nan,28,28,0
2025-07-05 19:08:14.878442,nan,nan,33,33,0
2025-07-05 19:08:19.906077,nan,nan,28,28,0
Timestamp,Temp (C),Humidity (%),Light,Sound,Motion
2025-07-05 19:12:06.748244,30.0,31.0,773,84,0
2025-07-05 19:12:11.778196,30.0,31.0,24,39,0
2025-07-05 19:12:16.808938,30.0,30.0,16,40,0
2025-07-05 19:12:21.838873,30.0,31.0,774,40,0
2025-07-05 19:12:26.869421,30.0,31.0,685,41,0
2025-07-05 19:12:31.921735,30.0,31.0,576,106,0
2025-07-05 19:12:36.952489,30.0,95.0,761,40,1
2025-07-05 19:12:41.983252,30.0,51.0,694,37,0
Timestamp,Temp (C),Humidity (%),Light,Sound,Motion
2025-07-05 19:43:43.165898,31.0,29.0,715,138,0
2025-07-05 19:43:48.187399,30.0,28.0,710,100,0
Timestamp,Temp (C),Humidity (%),Light,Sound,Motion
Timestamp,Temp (C),Humidity (%),Light,Sound,Motion
2025-07-05 19:49:43.269472,30.0,28.0,645,118,0
2025-07-05 19:49:48.290815,30.0,29.0,649,106,0
2025-07-05 19:49:53.312481,30.0,29.0,645,128,0
2025-07-05 19:49:58.334885,30.0,29.0,651,130,0
Timestamp,Temp (C),Humidity (%),Light,Sound,Motion
2025-07-05 19:50:56.956129,30.0,28.0,674,109,0
2025-07-05 19:51:01.977269,nan,nan,669,110,0
Timestamp,Temp (C),Humidity (%),Light,Sound,Motion
2025-07-05 19:51:53.229379,30.0,28.0,665,110,0
2025-07-05 19:51:58.970742,31.0,29.0,601,130,1
2025-07-05 19:52:04.703586,31.0,29.0,254,254,0
2025-07-05 19:52:10.454306,30.0,28.0,3,135,1
2025-07-05 19:52:16.197540,30.0,27.0,5,152,0
2025-07-05 19:52:21.942869,31.0,29.0,629,151,1
Timestamp,Temp (C),Humidity (%),Light,Sound,Motion
2025-07-10 17:40:29.546202,0.0,0.0,66,16,1
2025-07-10 17:40:40.131062,24.0,47.0,167,384,1
2025-07-10 17:40:45.833219,25.0,44.0,128,31,1
Timestamp,Temp (C),Humidity (%),Light,Sound,Motion
2025-07-10 17:42:50.716208,25.0,44.0,139,33,0
2025-07-10 17:42:56.443622,25.0,50.0,118,75,0
2025-07-10 17:43:02.158298,25.0,44.0,156,35,0
2025-07-10 17:43:07.869963,25.0,44.0,174,634,1
2025-07-10 17:43:13.645166,25.0,44.0,223,35,0
2025-07-10 17:43:19.374412,25.0,43.0,2,34,1
2025-07-10 17:43:25.098585,25.0,43.0,232,34,0
2025-07-10 17:43:30.819921,25.0,43.0,243,291,0
2025-07-10 17:43:36.542751,25.0,43.0,222,344,0
2025-07-10 17:43:42.254377,25.0,43.0,243,404,0
2025-07-10 17:43:47.969175,25.0,43.0,252,187,0
2025-07-10 17:43:53.732960,25.0,43.0,210,346,0
2025-07-10 17:43:59.498086,25.0,43.0,244,26,1
2025-07-10 17:44:05.220301,25.0,43.0,225,348,0
2025-07-10 17:44:10.937297,25.0,43.0,211,763,1
2025-07-10 17:44:16.663769,25.0,44.0,277,70,1
2025-07-10 17:44:22.408612,25.0,44.0,765,127,0
2025-07-10 17:44:28.144011,25.0,44.0,324,28,0
2025-07-10 17:44:33.873674,25.0,44.0,388,0,1
2025-07-10 17:44:39.613073,25.0,46.0,351,0,0
2025-07-10 17:44:45.324532,25.0,73.0,423,0,1
2025-07-10 17:44:51.049165,25.0,73.0,388,34,0
2025-07-10 17:44:56.765658,25.0,61.0,12,16,1
2025-07-10 17:45:02.520768,26.0,54.0,8,4,0
2025-07-10 17:45:08.194255,26.0,50.0,8,0,1
2025-07-10 17:45:13.902252,25.0,47.0,6,0,1
2025-07-10 17:45:19.678014,25.0,45.0,4,194,0
2025-07-10 17:45:25.417560,26.0,46.0,10,0,1
2025-07-10 17:45:31.136067,25.0,44.0,459,7,0
2025-07-10 17:45:36.850271,26.0,45.0,221,0,1
2025-07-10 17:45:42.574292,25.0,44.0,259,133,0
2025-07-10 17:45:48.287434,26.0,45.0,283,30,0
2025-07-10 17:45:54.172983,26.0,45.0,368,50,0
2025-07-10 17:45:59.845392,25.0,44.0,296,0,1
2025-07-10 17:46:05.587503,25.0,44.0,213,50,0
2025-07-10 17:46:11.322038,25.0,44.0,185,208,0
2025-07-10 17:46:17.045348,25.0,44.0,155,0,0
2025-07-10 17:46:22.761919,25.0,44.0,131,50,1
2025-07-10 17:46:28.534144,25.0,44.0,95,40,0
2025-07-10 17:46:34.289680,25.0,44.0,101,0,0
2025-07-10 17:46:39.975458,25.0,44.0,114,0,1
2025-07-10 17:46:45.672441,25.0,45.0,136,116,0
2025-07-10 17:46:51.374312,25.0,45.0,174,55,0
2025-07-10 17:46:57.125431,25.0,45.0,175,116,0
2025-07-10 17:47:02.811240,25.0,44.0,161,0,0
2025-07-10 17:47:08.525533,25.0,45.0,169,0,0
2025-07-10 17:47:14.211397,25.0,44.0,186,0,1
2025-07-10 17:47:19.928138,25.0,44.0,169,0,0
2025-07-10 17:47:25.615630,25.0,44.0,181,0,0
2025-07-10 17:47:31.349397,25.0,44.0,157,1,0
2025-07-10 17:47:37.040421,25.0,44.0,149,4,0
2025-07-10 17:47:42.869548,25.0,44.0,252,2,0
2025-07-10 17:47:48.555529,25.0,44.0,354,1,0
2025-07-10 17:47:54.289719,26.0,45.0,388,2,0
2025-07-10 17:48:00.018786,25.0,44.0,521,58,0
2025-07-10 17:48:05.692310,25.0,44.0,328,4,1
2025-07-10 17:48:11.633601,25.0,44.0,321,1,0
Timestamp,Temp (C),Humidity (%),Light,Sound,Motion
2025-07-10 17:48:21.464891,25.0,44.0,312,51,1
2025-07-10 17:48:27.194283,25.0,44.0,512,133,0
2025-07-10 17:48:32.916168,25.0,44.0,34,68,1
2025-07-10 17:48:38.640802,26.0,45.0,20,175,0
2025-07-10 17:48:44.378639,25.0,44.0,21,103,1
2025-07-10 17:48:50.092754,25.0,44.0,16,5,0
2025-07-10 17:48:55.802860,25.0,44.0,594,36,1
2025-07-10 17:49:01.522502,25.0,44.0,350,6,1
2025-07-10 17:49:07.256991,25.0,44.0,328,23,0
2025-07-10 17:49:13.202810,25.0,44.0,349,66,0
2025-07-10 17:49:18.947725,25.0,44.0,352,51,0
2025-07-10 17:49:24.638010,25.0,44.0,387,7,0
2025-07-10 17:49:30.332697,25.0,44.0,392,5,0
2025-07-10 17:49:36.014193,25.0,45.0,396,6,1
2025-07-10 17:49:41.697505,25.0,44.0,479,6,1
2025-07-10 17:49:47.381059,25.0,44.0,472,6,1
2025-07-10 17:49:53.069805,25.0,44.0,463,78,0
2025-07-10 17:49:58.781090,25.0,44.0,469,6,0
2025-07-10 17:50:04.510965,25.0,45.0,465,9,0
2025-07-10 17:50:10.231389,25.0,45.0,402,7,0
2025-07-10 17:50:15.959028,25.0,45.0,396,7,0
Timestamp,Temp (C),Humidity (%),Light,Sound,Motion
2025-07-10 17:50:28.928036,25.0,44.0,126,6,1
2025-07-10 17:50:34.709567,25.0,44.0,47,35,1
2025-07-10 17:50:40.453580,25.0,44.0,52,9,1
2025-07-10 17:50:46.189729,25.0,44.0,44,69,0
2025-07-10 17:50:51.922343,25.0,44.0,599,101,1
2025-07-10 17:50:57.647801,25.0,45.0,664,63,1
2025-07-10 17:51:03.417798,25.0,45.0,410,14,0
2025-07-10 17:51:09.102683,26.0,46.0,451,11,1
2025-07-10 17:51:14.783929,26.0,46.0,463,7,0
2025-07-10 17:51:20.491582,26.0,45.0,491,75,0
Timestamp,Temp (C),Humidity (%),Light,Sound,Motion
2025-07-10 17:53:21.780177,26.0,45.0,391,74,0
2025-07-10 17:53:27.521486,26.0,45.0,66,19,0
2025-07-10 17:53:33.265910,26.0,45.0,31,16,1
2025-07-10 17:53:39.034921,26.0,45.0,582,51,0
2025-07-10 17:53:44.872353,26.0,44.0,456,19,0
2025-07-10 17:53:50.618761,26.0,44.0,487,49,1
2025-07-10 17:53:56.341035,26.0,44.0,492,37,0
2025-07-10 17:54:02.055453,26.0,45.0,681,56,1
2025-07-10 17:54:07.800767,26.0,45.0,377,130,1
2025-07-10 17:54:13.546427,26.0,44.0,517,159,1
2025-07-10 17:54:19.295394,26.0,45.0,317,192,0
2025-07-10 17:54:25.011279,26.0,45.0,317,70,0
Timestamp,Temp (C),Humidity (%),Light,Sound,Motion
2025-07-10 17:55:09.557661,26.0,44.0,764,57,1
2025-07-10 17:55:15.281595,26.0,44.0,132,26,0
2025-07-10 17:55:21.001087,26.0,45.0,41,22,1
2025-07-10 17:55:26.784519,25.0,44.0,37,23,0
2025-07-10 17:55:32.575683,26.0,45.0,43,23,1
2025-07-10 17:55:38.261286,25.0,44.0,311,21,0
2025-07-10 17:55:43.994034,26.0,45.0,303,23,0
2025-07-10 17:55:49.841822,25.0,44.0,323,23,0
Timestamp,Temp (C),Humidity (%),Light,Sound,Motion
Timestamp,Temp (C),Humidity (%),Light,Sound,Motion
2025-07-10 17:56:15.350847,25.0,45.0,716,309,1
2025-07-10 17:56:21.077357,25.0,45.0,47,24,0
2025-07-10 17:56:26.808739,25.0,46.0,20,155,1
2025-07-10 17:56:32.556817,25.0,46.0,19,24,1
Timestamp,Temp (C),Humidity (%),Light,Sound,Motion
2025-07-10 17:59:05.978275,25.0,46.0,608,168,1
2025-07-10 17:59:11.718900,25.0,47.0,19,337,1
2025-07-10 17:59:17.467208,25.0,47.0,13,31,1
2025-07-10 17:59:23.184316,25.0,47.0,15,29,0
2025-07-10 17:59:28.874789,25.0,46.0,13,101,1
2025-07-10 17:59:34.619331,25.0,46.0,12,55,1
2025-07-10 17:59:40.349106,25.0,46.0,499,85,1
2025-07-10 17:59:46.034634,25.0,46.0,418,31,0
2025-07-10 17:59:51.722838,25.0,46.0,396,32,1
2025-07-10 17:59:57.412935,25.0,46.0,397,31,1
2025-07-10 18:00:03.089981,25.0,46.0,394,34,1
2025-07-10 18:00:08.778774,25.0,46.0,392,32,1
2025-07-10 18:00:14.480645,25.0,46.0,385,33,1
2025-07-10 18:00:20.190870,25.0,46.0,411,34,1
2025-07-10 18:00:25.905886,26.0,47.0,383,32,1
2025-07-10 18:00:31.605494,25.0,46.0,382,292,1
2025-07-10 18:00:37.304299,26.0,47.0,377,34,1
2025-07-10 18:00:43.189804,25.0,46.0,372,87,0
2025-07-10 18:00:48.974453,26.0,46.0,395,35,0
2025-07-10 18:00:54.665095,25.0,45.0,363,36,1
2025-07-10 18:01:00.446480,26.0,47.0,366,33,0
2025-07-10 18:01:06.148157,26.0,46.0,356,32,0
2025-07-10 18:01:11.867314,26.0,47.0,529,36,1
2025-07-10 18:01:17.560875,26.0,46.0,355,53,0
2025-07-10 18:01:23.355638,26.0,46.0,344,353,1
2025-07-10 18:01:29.247930,26.0,46.0,370,82,0
2025-07-10 18:01:34.956850,26.0,46.0,368,33,0
2025-07-10 18:01:40.687103,26.0,46.0,337,33,0
2025-07-10 18:01:46.373813,26.0,46.0,374,647,1
2025-07-10 18:01:52.089993,26.0,46.0,350,307,0
2025-07-10 18:01:58.008366,26.0,46.0,338,82,0
2025-07-10 18:02:03.751500,26.0,46.0,339,40,0
2025-07-10 18:02:09.446137,26.0,46.0,356,37,0
2025-07-10 18:02:15.139797,26.0,46.0,341,36,0
2025-07-10 18:02:20.832082,26.0,46.0,766,35,1
2025-07-10 18:02:26.526488,26.0,46.0,749,279,1
2025-07-10 18:02:32.221604,26.0,46.0,765,40,1
2025-07-10 18:02:37.917860,26.0,46.0,467,38,1
2025-07-10 18:02:43.790121,26.0,46.0,461,36,0
Timestamp,Temp (C),Humidity (%),Light,Sound,Motion
2025-07-10 18:02:54.920764,26.0,45.0,459,39,1
2025-07-10 18:03:00.668133,26.0,46.0,433,67,0
2025-07-10 18:03:06.401429,26.0,46.0,19,815,0
2025-07-10 18:03:12.114726,26.0,46.0,15,47,1
2025-07-10 18:03:17.824280,26.0,46.0,15,741,0
2025-07-10 18:03:23.546533,26.0,46.0,18,815,1
Timestamp,Temp (C),Humidity (%),Light,Sound,Motion
2025-07-10 18:11:12.347244,26.0,46.0,609,65,0
2025-07-10 18:11:17.369297,26.0,46.0,110,66,1
2025-07-10 18:11:24.759989,26.0,47.0,105,762,1
2025-07-10 18:11:29.779048,26.0,46.0,24,20,0
2025-07-10 18:11:34.811000,26.0,46.0,24,1,1
Timestamp,Temp (C),Humidity (%),Light,Sound,Motion
2025-07-10 18:12:40.195916,26.0,46.0,83,148,1
2025-07-10 18:12:45.225400,26.0,46.0,24,0,0
2025-07-10 18:12:50.285739,26.0,47.0,46,0,1
Timestamp,Temp (C),Humidity (%),Light,Sound,Motion
2025-07-10 18:14:12.626267,26.0,46.0,10,931,1
2025-07-10 18:14:17.659439,26.0,46.0,0,885,1
Timestamp,Temp (C),Humidity (%),Light,Sound,Motion
2025-07-10 18:16:24.075606,26.0,47.0,766,319,0
2025-07-10 18:16:29.121855,nan,nan,41,120,1
2025-07-10 18:16:34.151385,26.0,47.0,766,877,0
Timestamp,Temp (C),Humidity (%),Light,Sound,Motion
2025-07-10 18:20:08.505165,26.0,47.0,164,245,1
2025-07-10 18:20:13.535896,26.0,47.0,4,822,1
2025-07-10 18:20:18.582005,26.0,48.0,0,9,1
Timestamp,Temp (C),Humidity (%),Light,Sound,Motion
2025-07-10 18:24:35.412532,26.0,47.0,185,14,1
2025-07-10 18:24:42.096315,26.0,47.0,0,15,0
2025-07-10 18:24:47.131581,26.0,49.0,1,14,0
2025-07-10 18:24:52.164458,26.0,49.0,0,784,1
Timestamp,Temp (C),Humidity (%),Light,Sound,Motion
2025-07-10 18:25:59.556130,26.0,49.0,175,25,1
2025-07-10 18:26:04.589852,26.0,48.0,134,18,1
Timestamp,Temp (C),Humidity (%),Light,Sound,Motion
2025-07-10 18:32:26.471925,26.0,49.0,33,114,0
2025-07-10 18:32:31.781082,26.0,49.0,42,112,1
2025-07-10 18:32:37.113895,26.0,50.0,21,640,0
2025-07-10 18:32:42.473321,26.0,49.0,28,361,1
2025-07-10 18:32:47.846576,26.0,49.0,767,111,0
Timestamp,Temp (C),Humidity (%),Light,Sound,Motion
2025-07-10 18:34:18.322480,26.0,49.0,649,116,1
2025-07-10 18:34:23.653666,26.0,49.0,494,113,1
2025-07-10 18:34:29.018235,26.0,49.0,27,115,0
2025-07-10 18:34:34.413236,26.0,49.0,11,881,1
2025-07-10 18:34:39.825042,26.0,49.0,10,881,1
2025-07-10 18:34:45.206973,26.0,49.0,211,114,1
2025-07-10 18:34:50.565163,26.0,49.0,133,118,1
2025-07-10 18:34:55.947144,26.0,49.0,132,112,0
2025-07-10 18:35:01.298392,26.0,49.0,189,352,0
2025-07-10 18:35:06.672708,26.0,49.0,2,27,1
2025-07-10 18:35:12.052672,26.0,49.0,169,0,1
Timestamp,Temp (C),Humidity (%),Light,Sound,Motion
2025-07-10 18:36:40.982749,26.0,49.0,11,0,1
2025-07-10 18:36:46.391330,26.0,49.0,2,0,1
2025-07-10 18:36:51.829232,26.0,50.0,194,26,0
2025-07-10 18:36:57.204533,26.0,50.0,8,0,1
2025-07-10 18:37:02.553339,26.0,50.0,10,0,1
2025-07-10 18:37:07.932555,26.0,50.0,13,12,0
2025-07-10 18:37:13.338187,26.0,49.0,636,54,1
2025-07-10 18:37:18.727648,26.0,49.0,693,30,0
2025-07-10 18:37:24.147528,26.0,49.0,14,0,1
2025-07-10 18:37:30.922505,26.0,49.0,6,422,1
2025-07-10 18:37:36.296529,26.0,49.0,0,28,0
2025-07-10 18:37:41.679608,nan,nan,1,7,0
2025-07-10 18:37:47.043547,26.0,49.0,2,271,0
2025-07-10 18:37:52.417093,26.0,49.0,1,22,0
2025-07-10 18:37:57.818707,26.0,49.0,500,177,1
2025-07-10 18:38:03.179412,26.0,49.0,580,0,1
2025-07-10 18:38:08.526843,26.0,49.0,768,306,1
2025-07-10 18:38:13.891080,26.0,49.0,765,0,0
2025-07-10 18:38:19.260625,26.0,49.0,765,756,0
2025-07-10 18:38:24.617127,26.0,49.0,765,0,1
2025-07-10 18:38:29.994079,26.0,49.0,765,419,1
2025-07-10 18:38:35.366992,26.0,50.0,766,337,0
2025-07-10 18:38:40.749449,26.0,50.0,766,0,0
2025-07-10 18:38:46.129782,26.0,50.0,765,0,0
2025-07-10 18:38:51.498557,26.0,50.0,766,395,0
2025-07-10 18:38:56.867980,26.0,50.0,767,41,0
2025-07-10 18:39:02.248226,26.0,50.0,765,50,0
2025-07-10 18:39:07.601103,26.0,50.0,766,759,1
2025-07-10 18:39:12.978232,26.0,50.0,766,0,0
2025-07-10 18:39:18.354421,26.0,50.0,764,0,0
2025-07-10 18:39:23.724324,26.0,50.0,764,42,1
2025-07-10 18:39:29.101309,26.0,50.0,766,0,1
2025-07-10 18:39:34.451283,26.0,50.0,764,46,0
2025-07-10 18:39:39.833496,26.0,50.0,764,82,1
2025-07-10 18:39:45.189237,26.0,50.0,692,0,1
Timestamp,Temp (C),Humidity (%),Light,Sound,Motion
2025-07-10 18:43:43.285598,26.0,50.0,453,69,0
2025-07-10 18:43:48.669889,26.0,50.0,234,7,1
2025-07-10 18:43:54.062735,26.0,50.0,765,9,0
2025-07-10 18:43:59.455651,26.0,50.0,763,17,1
2025-07-10 18:44:04.843821,26.0,50.0,20,595,0
2025-07-10 18:44:10.244478,26.0,50.0,19,6,0
2025-07-10 18:44:15.616401,26.0,50.0,17,190,1
2025-07-10 18:44:21.022925,26.0,50.0,481,6,0
Timestamp,Temp (C),Humidity (%),Light,Sound,Motion
Timestamp,Temp (C),Humidity (%),Light,Sound,Motion
2025-07-10 20:08:48.204707,26.0,50.0,76,110,0
2025-07-10 20:08:53.559040,26.0,50.0,74,109,1
Timestamp,Temp (C),Humidity (%),Light,Sound,Motion
2025-07-10 20:09:06.069311,nan,nan,74,138,0
2025-07-10 20:09:11.443545,26.0,36.0,7,108,0
2025-07-10 20:09:16.824485,26.0,37.0,139,108,1
2025-07-10 20:09:22.209323,26.0,37.0,127,327,0
2025-07-10 20:09:27.549955,26.0,37.0,131,108,1
2025-07-10 20:09:32.938077,26.0,37.0,131,125,1
2025-07-10 20:09:38.313106,26.0,38.0,127,107,1
2025-07-10 20:09:43.684870,26.0,37.0,127,205,0
2025-07-10 20:09:49.066684,26.0,37.0,127,206,0
2025-07-10 20:09:54.432454,26.0,37.0,123,111,0
2025-07-10 20:09:59.806878,26.0,37.0,125,172,1
2025-07-10 20:10:05.194714,26.0,37.0,120,110,1
2025-07-10 20:10:10.539336,26.0,37.0,122,124,0
2025-07-10 20:10:15.916637,26.0,37.0,121,137,1
2025-07-10 20:10:21.299197,26.0,37.0,122,235,0
2025-07-10 20:10:26.698621,26.0,37.0,117,109,0
2025-07-10 20:10:32.073575,26.0,37.0,120,189,0
2025-07-10 20:10:37.437994,26.0,37.0,116,114,0
2025-07-10 20:10:42.804497,26.0,37.0,113,222,0
2025-07-10 20:10:48.192557,26.0,37.0,114,125,0
2025-07-10 20:10:53.562352,26.0,37.0,112,327,0
2025-07-10 20:10:58.934563,26.0,37.0,114,119,0
2025-07-10 20:11:04.313090,26.0,37.0,113,147,0
2025-07-10 20:11:09.696631,26.0,36.0,112,159,0
2025-07-10 20:11:15.063701,26.0,37.0,111,255,1
2025-07-10 20:11:20.431014,26.0,37.0,111,134,1
Timestamp,Temp (C),Humidity (%),Light,Sound,Motion
2025-07-10 20:16:06.304200,26.0,37.0,96,113,0
Timestamp,Temp (C),Humidity (%),Light,Sound,Motion
2025-07-10 20:18:54.151228,26.0,37.0,76,113,1
2025-07-10 20:18:59.518102,26.0,39.0,74,249,1
Timestamp,Temp (C),Humidity (%),Light,Sound,Motion
2025-07-10 20:28:02.653538,26.0,40.0,65,135,0
2025-07-10 20:28:08.027662,26.0,40.0,62,121,0
2025-07-10 20:28:13.393509,26.0,43.0,63,126,0
2025-07-10 20:28:18.799341,26.0,43.0,61,199,0
Timestamp,Temp (C),Humidity (%),Light,Sound,Motion
2025-07-10 20:40:47.652920,26.0,43.0,24,128,0
2025-07-10 20:40:52.978887,26.0,43.0,255,138,1
2025-07-10 20:40:58.376173,26.0,42.0,2,335,0
2025-07-10 20:41:03.733737,26.0,42.0,2,127,0
2025-07-10 20:41:09.102569,26.0,42.0,23,185,0
2025-07-10 20:41:14.461142,26.0,42.0,0,305,1
2025-07-10 20:41:19.830249,26.0,42.0,25,138,0
2025-07-10 20:41:25.202361,26.0,42.0,27,127,1
2025-07-10 20:41:30.562215,26.0,43.0,27,179,0
2025-07-10 20:41:35.929064,26.0,43.0,31,125,0
Timestamp,Temp (C),Humidity (%),Light,Sound,Motion
2025-07-10 20:42:11.905766,26.0,43.0,29,198,1
2025-07-10 20:42:17.235580,26.0,43.0,30,128,0
2025-07-10 20:42:22.595355,26.0,43.0,31,245,0
2025-07-10 20:42:27.954873,26.0,44.0,29,405,0
2025-07-10 20:42:33.339348,26.0,43.0,1,174,0
2025-07-10 20:42:38.702650,26.0,43.0,2,139,0
2025-07-10 20:42:44.071753,26.0,43.0,2,177,0
2025-07-10 20:42:49.434432,26.0,43.0,2,127,0
2025-07-10 20:42:54.801838,26.0,43.0,0,170,1
2025-07-10 20:43:00.157052,26.0,43.0,0,128,0
2025-07-10 20:43:05.481662,26.0,43.0,29,191,0
2025-07-10 20:43:10.837893,26.0,43.0,33,126,0
2025-07-10 20:43:16.205041,26.0,43.0,29,127,0
2025-07-10 20:43:21.568231,26.0,43.0,29,130,0
2025-07-10 20:43:26.935292,26.0,43.0,31,127,0
2025-07-10 20:43:32.301686,26.0,43.0,29,894,0
2025-07-10 20:43:37.692973,26.0,44.0,25,127,1
2025-07-10 20:43:43.063462,26.0,44.0,22,141,0
2025-07-10 20:43:48.454011,26.0,44.0,21,196,1
2025-07-10 20:43:53.855952,26.0,44.0,27,166,0
2025-07-10 20:43:59.205185,26.0,44.0,27,149,0
2025-07-10 20:44:04.561516,26.0,44.0,27,127,0
2025-07-10 20:44:09.875012,26.0,44.0,23,130,0
2025-07-10 20:44:15.219912,26.0,44.0,24,136,0
2025-07-10 20:44:20.558497,27.0,44.0,25,128,1
2025-07-10 20:44:25.891493,26.0,44.0,27,133,1
2025-07-10 20:44:31.216148,26.0,44.0,26,127,0
Timestamp,Temp (C),Humidity (%),Light,Sound,Motion
2025-07-10 20:44:33.111472,26.0,43.0,28,130,0
2025-07-10 20:44:38.442998,26.0,43.0,3,256,0
2025-07-10 20:44:43.808138,26.0,43.0,4,168,1
2025-07-10 20:44:49.166651,nan,nan,3,216,0
2025-07-10 20:44:54.530358,26.0,44.0,16,128,1
2025-07-10 20:44:59.899469,26.0,44.0,18,130,0
Timestamp,Temp (C),Humidity (%),Light,Sound,Motion
2025-07-10 20:45:05.178597,26.0,44.0,25,130,0
2025-07-10 20:45:10.509297,26.0,44.0,20,178,1
2025-07-10 20:45:15.881167,26.0,44.0,0,167,1
2025-07-10 20:45:21.287092,26.0,44.0,41,171,0
2025-07-10 20:45:26.634369,26.0,44.0,36,244,1
2025-07-10 20:45:32.006185,26.0,44.0,20,321,1
2025-07-10 20:45:37.366027,26.0,44.0,19,182,1
2025-07-10 20:45:42.725562,26.0,44.0,21,310,1
Timestamp,Temp (C),Humidity (%),Light,Sound,Motion
2025-07-10 20:47:44.497083,26.0,44.0,23,131,0
2025-07-10 20:47:49.818728,26.0,44.0,24,166,0
2025-07-10 20:47:55.122574,26.0,43.0,18,130,0
2025-07-10 20:48:00.449917,26.0,43.0,19,131,0
Timestamp,Temp (C),Humidity (%),Light,Sound,Motion
2025-07-10 20:48:12.162212,26.0,43.0,1,132,1
Timestamp,Temp (C),Humidity (%),Light,Sound,Motion
2025-07-10 20:49:16.042223,26.0,43.0,20,129,0
2025-07-10 20:49:21.367256,26.0,42.0,51,526,1
2025-07-10 20:49:26.732815,26.0,44.0,52,410,1
2025-07-10 20:49:32.102818,26.0,44.0,341,896,1
2025-07-10 20:49:37.458710,26.0,44.0,214,134,1
2025-07-10 20:49:42.815807,26.0,44.0,54,141,1
Timestamp,Temp (C),Humidity (%),Light,Sound,Motion
2025-07-10 20:50:12.836907,26.0,44.0,50,191,0
Timestamp,Temp (C),Humidity (%),Light,Sound,Motion
2025-07-10 22:05:58.383151,26.0,43.0,26,156,0
2025-07-10 22:06:03.714082,26.0,44.0,23,157,0
2025-07-10 22:06:09.089861,24.0,45.0,64,156,0
2025-07-10 22:06:14.436455,24.0,45.0,27,223,0
2025-07-10 22:06:19.812908,24.0,45.0,762,207,0
2025-07-10 22:06:25.188891,24.0,45.0,18,426,0
Timestamp,Temp (C),Humidity (%),Light,Sound,Motion
2025-07-10 22:08:32.296370,24.0,45.0,30,155,0
2025-07-10 22:08:37.625122,24.0,45.0,258,205,0
2025-07-10 22:08:42.992188,24.0,45.0,63,154,0
2025-07-10 22:08:48.351152,24.0,45.0,451,165,0
2025-07-10 22:08:53.686114,24.0,45.0,27,216,0
2025-07-10 22:08:59.040308,24.0,45.0,13,579,0
2025-07-10 22:09:04.434854,24.0,45.0,18,874,0
2025-07-10 22:09:09.804614,24.0,45.0,11,142,0
2025-07-10 22:09:15.181505,24.0,45.0,16,27,0
2025-07-10 22:09:20.528740,24.0,45.0,20,660,0
2025-07-10 22:09:25.942415,24.0,45.0,18,683,0
2025-07-10 22:09:31.301678,24.0,45.0,22,463,0
2025-07-10 22:09:36.663123,24.0,45.0,17,293,0
2025-07-10 22:09:42.031453,24.0,45.0,18,565,0
2025-07-10 22:09:47.436387,24.0,45.0,20,483,0
2025-07-10 22:09:52.805234,24.0,45.0,20,286,0
2025-07-10 22:09:58.169871,24.0,46.0,11,324,0
2025-07-10 22:10:03.531617,24.0,46.0,24,260,1
2025-07-10 22:10:08.904355,24.0,45.0,12,272,0
2025-07-10 22:10:14.277466,24.0,45.0,18,0,1
2025-07-10 22:10:19.683624,24.0,46.0,14,574,0
2025-07-10 22:10:25.053250,24.0,46.0,11,311,1
2025-07-10 22:10:30.459781,24.0,47.0,7,292,1
Timestamp,Temp (C),Humidity (%),Light,Sound,Motion
2025-07-10 22:10:38.351211,24.0,47.0,9,176,0
Timestamp,Temp (C),Humidity (%),Light,Sound,Motion
2025-07-10 22:10:59.657989,24.0,46.0,11,0,0
2025-07-10 22:11:04.989782,24.0,46.0,11,6,0
2025-07-10 22:11:10.363592,24.0,45.0,11,0,0
2025-07-10 22:11:15.731272,24.0,44.0,13,245,0
2025-07-10 22:11:21.094378,24.0,45.0,9,126,0
2025-07-10 22:11:26.486824,24.0,45.0,14,108,1
Timestamp,Temp (C),Humidity (%),Light,Sound,Motion
2025-07-10 22:13:25.389299,24.0,45.0,14,0,0
2025-07-10 22:13:30.718219,24.0,45.0,13,0,1
2025-07-10 22:13:36.092880,24.0,44.0,3,0,1
Timestamp,Temp (C),Humidity (%),Light,Sound,Motion
2025-07-10 22:13:52.506500,24.0,44.0,14,408,0
2025-07-10 22:13:57.831008,24.0,44.0,12,0,1
2025-07-10 22:14:03.197129,24.0,45.0,18,303,1
Timestamp,Temp (C),Humidity (%),Light,Sound,Motion
2025-07-10 22:15:34.993302,24.0,45.0,18,0,0
2025-07-10 22:15:40.012349,24.0,45.0,16,0,0
Timestamp,Temp (C),Humidity (%),Light,Sound,Motion
2025-07-10 22:16:48.675132,24.0,44.0,14,138,0
2025-07-10 22:16:53.998529,24.0,44.0,10,5,0
2025-07-10 22:16:59.355050,24.0,44.0,15,39,0
2025-07-10 22:17:04.722059,24.0,44.0,11,2,1
2025-07-10 22:17:10.097708,24.0,44.0,13,6,0
2025-07-10 22:17:15.489107,24.0,44.0,15,178,0
Timestamp,Temp (C),Humidity (%),Light,Sound,Motion
2025-07-10 22:19:15.794751,24.0,44.0,17,17,0
2025-07-10 22:19:21.124536,24.0,44.0,12,49,0
2025-07-10 22:19:26.489803,24.0,44.0,13,50,0
2025-07-10 22:19:31.842029,24.0,44.0,3,10,1
2025-07-10 22:19:37.408867,24.0,44.0,9,417,1
2025-07-10 22:19:42.970951,24.0,45.0,16,11,0
Timestamp,Temp (C),Humidity (%),Light,Sound,Motion
2025-07-10 22:21:14.804289,24.0,45.0,17,14,0
2025-07-10 22:21:16.137086,24.0,44.0,15,14,0
2025-07-10 22:21:17.436851,24.0,44.0,11,9,1
2025-07-10 22:21:19.736588,24.0,45.0,13,10,0
2025-07-10 22:21:21.042435,24.0,45.0,15,458,1
2025-07-10 22:21:22.701257,24.0,44.0,14,12,1
2025-07-10 22:21:24.432451,24.0,45.0,16,12,1
2025-07-10 22:21:26.033039,24.0,45.0,16,14,1
2025-07-10 22:21:27.681800,24.0,45.0,17,14,0
2025-07-10 22:21:28.976736,24.0,45.0,9,12,1
2025-07-10 22:21:30.586777,24.0,45.0,8,29,1
2025-07-10 22:21:32.188274,24.0,45.0,13,11,0
2025-07-10 22:21:33.484977,24.0,45.0,9,227,0
2025-07-10 22:21:35.085353,24.0,45.0,8,15,0
2025-07-10 22:21:36.390979,25.0,45.0,8,150,1
2025-07-10 22:21:38.022161,24.0,44.0,11,17,0
2025-07-10 22:21:39.328030,24.0,44.0,16,14,0
2025-07-10 22:21:40.625045,24.0,44.0,11,83,1
2025-07-10 22:21:42.236033,24.0,44.0,15,15,0
2025-07-10 22:21:43.532186,24.0,44.0,9,15,0
2025-07-10 22:21:44.830130,24.0,44.0,11,31,0
2025-07-10 22:21:46.127811,24.0,44.0,14,49,0
2025-07-10 22:21:47.424235,24.0,44.0,17,143,0
Timestamp,Temp (C),Humidity (%),Light,Sound,Motion
2025-07-10 22:29:03.306008,24.0,44.0,16,71,0
2025-07-10 22:29:04.761716,24.0,44.0,13,28,0
2025-07-10 22:29:06.158111,24.0,45.0,10,32,0
2025-07-10 22:29:07.553520,24.0,45.0,16,32,0
2025-07-10 22:29:08.949282,24.0,45.0,14,31,0
2025-07-10 22:29:10.345058,24.0,45.0,11,31,1
2025-07-10 22:29:11.745586,24.0,45.0,11,337,0
2025-07-10 22:29:13.146941,24.0,45.0,12,31,1
2025-07-10 22:29:14.553482,24.0,45.0,8,34,1
2025-07-10 22:29:15.962633,24.0,45.0,11,30,0
2025-07-10 22:29:17.462006,24.0,45.0,13,30,1
2025-07-10 22:29:18.930939,24.0,45.0,11,32,0
2025-07-10 22:29:20.330381,24.0,45.0,14,36,0
2025-07-10 22:29:21.753652,24.0,45.0,7,214,0
2025-07-10 22:29:23.206874,24.0,45.0,16,29,0
2025-07-10 22:29:24.607101,24.0,45.0,14,32,0
2025-07-10 22:29:26.004201,24.0,44.0,18,32,0
2025-07-10 22:29:27.403140,24.0,44.0,17,116,0
2025-07-10 22:29:28.807419,24.0,45.0,9,33,0
2025-07-10 22:29:30.208467,24.0,45.0,10,33,0
Timestamp,Temp (C),Humidity (%),Light,Sound,Motion
Timestamp,Temp (C),Humidity (%),Light,Sound,Motion
2025-07-11 16:03:31.851891,nan,nan,48,48,0
2025-07-11 16:03:33.335179,nan,nan,122,93,0
2025-07-11 16:03:34.774917,25.0,46.0,124,46,0
2025-07-11 16:03:36.174853,25.0,46.0,46,46,0
2025-07-11 16:03:37.580211,25.0,47.0,46,46,0
2025-07-11 16:03:38.994806,25.0,47.0,127,78,0
2025-07-11 16:03:40.453479,nan,nan,138,137,0
2025-07-11 16:03:41.850505,25.0,46.0,47,47,1
2025-07-11 16:03:43.249897,nan,nan,142,47,1
2025-07-11 16:03:44.655618,nan,nan,147,85,0
2025-07-11 16:03:46.094847,25.0,47.0,46,46,0
2025-07-11 16:03:47.491294,25.0,47.0,46,46,0
2025-07-11 16:03:48.887514,25.0,47.0,147,46,0
2025-07-11 16:03:50.292496,nan,nan,148,91,0
2025-07-11 16:03:51.738681,25.0,48.0,44,44,0
Timestamp,Temp (C),Humidity (%),Light,Sound,Motion
2025-07-11 16:07:00.151229,25.0,47.0,210,210,0
2025-07-11 16:07:00.671164,25.0,47.0,166,54,0
2025-07-11 16:07:01.194791,nan,nan,54,54,0
2025-07-11 16:07:01.706718,nan,nan,54,54,0
2025-07-11 16:07:02.220122,25.0,47.0,53,53,0
2025-07-11 16:07:02.730703,nan,nan,171,54,0
2025-07-11 16:07:03.258441,25.0,47.0,54,0,0
2025-07-11 16:07:03.763780,25.0,47.0,54,54,0
2025-07-11 16:07:04.274320,nan,nan,174,54,0
2025-07-11 16:07:04.787321,nan,nan,54,54,0
2025-07-11 16:07:05.299015,25.0,47.0,173,68,0
2025-07-11 16:07:05.807059,25.0,47.0,68,68,0
2025-07-11 16:07:06.319836,nan,nan,174,61,0
2025-07-11 16:07:06.822539,nan,nan,61,61,0
2025-07-11 16:07:07.331763,25.0,47.0,174,53,0
2025-07-11 16:07:07.837662,25.0,47.0,53,53,0
2025-07-11 16:07:08.350613,nan,nan,176,56,0
2025-07-11 16:07:08.856575,nan,nan,56,56,0
2025-07-11 16:07:09.372925,25.0,47.0,173,56,0
2025-07-11 16:07:09.880439,25.0,47.0,56,56,0
2025-07-11 16:07:10.408929,nan,nan,55,55,0
2025-07-11 16:07:10.990297,25.0,46.0,179,53,0
2025-07-11 16:07:11.503375,25.0,46.0,53,53,0
2025-07-11 16:07:12.014561,nan,nan,183,57,0
2025-07-11 16:07:12.528024,nan,nan,57,57,0
2025-07-11 16:07:13.038387,25.0,47.0,190,53,0
Timestamp,Temp (C),Humidity (%),Light,Sound,Motion
2025-07-11 16:07:28.712564,nan,nan,222,55,0
2025-07-11 16:07:29.227968,nan,nan,55,55,0
2025-07-11 16:07:29.732291,25.0,46.0,224,54,0
2025-07-11 16:07:30.242408,25.0,46.0,54,65535,0
2025-07-11 16:07:30.752413,nan,nan,219,56,0
2025-07-11 16:07:31.256064,nan,nan,56,56,0
2025-07-11 16:07:31.764613,25.0,47.0,54,54,0
2025-07-11 16:07:32.271543,nan,nan,224,54,0
2025-07-11 16:07:32.785543,nan,nan,54,54,0
2025-07-11 16:07:33.293299,25.0,47.0,226,54,0
2025-07-11 16:07:33.796590,25.0,47.0,54,54,0
2025-07-11 16:07:34.311115,nan,nan,228,54,0
2025-07-11 16:07:34.815070,nan,nan,54,54,0
2025-07-11 16:07:35.318438,25.0,47.0,227,53,0
2025-07-11 16:07:35.821280,25.0,47.0,53,53,0
2025-07-11 16:07:36.327556,nan,nan,227,53,0
2025-07-11 16:07:36.832770,nan,nan,53,53,0
2025-07-11 16:07:37.341242,25.0,47.0,254,254,0
2025-07-11 16:07:37.844381,nan,nan,232,56,0
2025-07-11 16:07:38.370134,25.0,46.0,56,56,0
2025-07-11 16:07:38.878638,25.0,46.0,56,56,0
2025-07-11 16:07:39.383745,nan,nan,56,56,0
2025-07-11 16:07:39.893848,25.0,47.0,235,55,0
2025-07-11 16:07:40.401688,25.0,47.0,55,55,0
2025-07-11 16:07:40.906597,nan,nan,234,53,0
2025-07-11 16:07:41.414652,nan,nan,53,53,0
2025-07-11 16:07:41.924146,25.0,47.0,75,75,0
2025-07-11 16:07:42.427145,nan,nan,238,55,0
Timestamp,Temp (C),Humidity (%),Light,Sound,Motion
Timestamp,Temp (C),Humidity (%),Light,Sound,Motion
2025-07-11 16:09:31.424058,-1,-1,-1,-1,-1
2025-07-11 16:09:31.950626,-1,-1,-1,-1,-1
2025-07-11 16:09:32.482394,-1,-1,-1,-1,-1
2025-07-11 16:09:33.014433,-1,-1,-1,-1,-1
2025-07-11 16:09:33.556945,-1,-1,-1,-1,-1
2025-07-11 16:09:34.087091,-1,-1,-1,-1,-1
2025-07-11 16:09:34.623062,-1,-1,-1,-1,-1
2025-07-11 16:09:35.157460,-1,-1,-1,-1,-1
2025-07-11 16:09:35.687936,-1,-1,-1,-1,-1
2025-07-11 16:09:36.226502,-1,-1,-1,-1,-1
2025-07-11 16:09:36.754147,-1,-1,-1,-1,-1
2025-07-11 16:09:37.280035,-1,-1,-1,-1,-1
2025-07-11 16:09:37.814262,-1,-1,-1,-1,-1
2025-07-11 16:09:38.351419,-1,-1,-1,-1,-1
2025-07-11 16:09:38.883985,-1,-1,-1,-1,-1
2025-07-11 16:09:39.423984,-1,-1,-1,-1,-1
Timestamp,Temp (C),Humidity (%),Light,Sound,Motion
2025-07-11 16:11:22.779305,-1,-1,-1,-1,-1
2025-07-11 16:11:23.680802,-1,-1,-1,-1,-1
2025-07-11 16:11:24.292771,-1,-1,-1,-1,-1
2025-07-11 16:11:24.991462,-1,-1,-1,-1,-1
2025-07-11 16:11:25.580442,-1,-1,-1,-1,-1
2025-07-11 16:11:26.186165,-1,-1,-1,-1,-1
2025-07-11 16:11:27.904938,-1,-1,-1,-1,-1
2025-07-11 16:11:28.476360,-1,-1,-1,-1,-1
2025-07-11 16:11:29.094365,-1,-1,-1,-1,-1
2025-07-11 16:11:29.676261,-1,-1,-1,-1,-1
2025-07-11 16:11:30.273086,-1,-1,-1,-1,-1
2025-07-11 16:11:30.848529,-1,-1,-1,-1,-1
2025-07-11 16:11:31.458365,-1,-1,-1,-1,-1
2025-07-11 16:11:32.051951,-1,-1,-1,-1,-1
2025-07-11 16:11:32.605081,-1,-1,-1,-1,-1
2025-07-11 16:11:33.168973,-1,-1,-1,-1,-1
2025-07-11 16:11:33.704658,-1,-1,-1,-1,-1
Timestamp,Temp (C),Humidity (%),Light,Sound,Motion
Timestamp,Temp (C),Humidity (%),Light,Sound,Motion
2025-07-11 16:13:43.901046,24.0,48.0,104,68,0
2025-07-11 16:13:45.947427,nan,nan,67,67,0
2025-07-11 16:13:47.381351,nan,nan,107,66,0
2025-07-11 16:14:03.693081,24.0,48.0,105,65,0
2025-07-11 16:14:13.274056,24.0,48.0,101,101,0
2025-07-11 16:14:14.712866,24.0,48.0,70,70,0
2025-07-11 16:14:16.164452,24.0,48.0,115,71,0
2025-07-11 16:14:17.617837,nan,nan,65,65,0
2025-07-11 16:14:19.018999,24.0,48.0,82,82,0
2025-07-11 16:14:20.432889,24.0,48.0,118,66,0
2025-07-11 16:14:21.827217,nan,nan,117,67,0
2025-07-11 16:14:23.234503,24.0,48.0,100,100,0
Timestamp,Temp (C),Humidity (%),Light,Sound,Motion
2025-07-11 16:16:19.154410,nan,nan,77,77,0
2025-07-11 16:16:20.568514,nan,nan,216,70,0
2025-07-11 16:16:21.983159,25.0,47.0,212,69,0
2025-07-11 16:16:23.400373,25.0,47.0,68,68,0
2025-07-11 16:16:24.848265,nan,nan,217,69,0
2025-07-11 16:16:26.243945,nan,nan,202,70,0
2025-07-11 16:16:27.643573,25.0,47.0,70,70,1
2025-07-11 16:16:29.057396,25.0,47.0,71,71,1
2025-07-11 16:16:30.507088,25.0,47.0,214,72,0
2025-07-11 16:16:31.904846,nan,nan,212,72,0
2025-07-11 16:16:33.304460,25.0,48.0,71,71,0
2025-07-11 16:16:34.710283,25.0,47.0,78,78,0
2025-07-11 16:16:36.158591,25.0,48.0,205,71,0
2025-07-11 16:16:37.554593,nan,nan,204,69,0
2025-07-11 16:16:38.971430,25.0,48.0,71,71,0
2025-07-11 16:16:40.367208,25.0,47.0,75,75,0
2025-07-11 16:16:41.762904,25.0,47.0,197,71,0
2025-07-11 16:16:43.157941,nan,nan,256,72,0
2025-07-11 16:16:44.559422,25.0,47.0,71,71,0
2025-07-11 16:16:45.955943,25.0,47.0,71,71,0
2025-07-11 16:16:47.357870,25.0,47.0,764,72,1
2025-07-11 16:16:48.753154,nan,nan,207,71,0
2025-07-11 16:16:50.163042,25.0,47.0,70,70,0
2025-07-11 16:16:51.604576,25.0,47.0,716,716,1
2025-07-11 16:16:53.000867,25.0,47.0,142,693,0
2025-07-11 16:16:54.398079,nan,nan,142,765,0
2025-07-11 16:16:55.823817,25.0,47.0,72,72,0
2025-07-11 16:16:57.245193,25.0,47.0,71,71,0
2025-07-11 16:16:58.641459,nan,nan,163,70,0
2025-07-11 16:17:00.038091,25.0,48.0,156,177,0
2025-07-11 16:17:01.436493,25.0,48.0,73,73,1
2025-07-11 16:17:02.838748,25.0,48.0,70,70,1
2025-07-11 16:17:04.239231,25.0,48.0,763,72,0
2025-07-11 16:17:05.634919,nan,nan,760,71,0
2025-07-11 16:17:07.053135,25.0,48.0,71,71,0
2025-07-11 16:17:08.448835,25.0,48.0,71,71,0
2025-07-11 16:17:09.844439,25.0,48.0,765,70,1
2025-07-11 16:17:11.251187,nan,nan,763,86,0
2025-07-11 16:17:12.692909,25.0,48.0,71,71,0
2025-07-11 16:17:14.088968,25.0,48.0,73,73,0
2025-07-11 16:17:15.485189,25.0,48.0,763,74,0
2025-07-11 16:17:16.890434,nan,nan,763,219,0
2025-07-11 16:17:18.356877,25.0,48.0,70,70,0
2025-07-11 16:17:19.752549,nan,nan,763,73,0
2025-07-11 16:17:21.147571,nan,nan,764,73,1
2025-07-11 16:17:22.552037,25.0,49.0,764,132,0
2025-07-11 16:17:23.998544,25.0,49.0,72,72,1
2025-07-11 16:17:25.397970,nan,nan,766,99,1
2025-07-11 16:17:26.794819,nan,nan,764,73,0
2025-07-11 16:17:28.225532,25.0,48.0,765,765,1
2025-07-11 16:17:29.652834,25.0,48.0,72,72,0
2025-07-11 16:17:31.049170,nan,nan,765,74,1
2025-07-11 16:17:32.443952,nan,nan,763,74,1
2025-07-11 16:17:33.858136,25.0,48.0,143,65535,0
2025-07-11 16:17:35.281913,25.0,47.0,74,74,1
2025-07-11 16:17:36.682733,nan,nan,764,74,0
2025-07-11 16:17:38.080267,25.0,48.0,225,72,0
2025-07-11 16:17:39.488822,25.0,48.0,122,122,0
2025-07-11 16:17:40.947785,25.0,47.0,75,75,0
2025-07-11 16:17:42.342944,nan,nan,219,73,0
2025-07-11 16:17:43.738921,25.0,48.0,217,72,0
2025-07-11 16:17:45.150246,25.0,47.0,115,115,0
2025-07-11 16:17:46.570905,25.0,47.0,74,74,0
2025-07-11 16:17:47.966578,nan,nan,217,74,0
2025-07-11 16:17:49.361345,25.0,47.0,212,76,0
2025-07-11 16:17:50.772075,nan,nan,85,85,0
2025-07-11 16:17:52.222605,25.0,47.0,75,75,0
2025-07-11 16:17:53.618661,nan,nan,72,74,0
2025-07-11 16:17:55.012852,25.0,47.0,68,76,0
2025-07-11 16:17:56.419669,25.0,47.0,120,120,0
2025-07-11 16:17:57.860777,25.0,47.0,75,75,0
2025-07-11 16:17:59.260711,nan,nan,68,73,0
2025-07-11 16:18:00.656773,25.0,47.0,50,76,0
2025-07-11 16:18:02.071699,25.0,47.0,103,103,0
2025-07-11 16:18:03.511746,25.0,47.0,75,75,0
2025-07-11 16:18:04.906567,nan,nan,26,75,0
2025-07-11 16:18:06.302140,25.0,47.0,26,73,0
2025-07-11 16:18:07.713283,25.0,47.0,123,123,0
2025-07-11 16:18:09.145124,25.0,47.0,76,76,0
2025-07-11 16:18:10.544785,nan,nan,26,73,0
2025-07-11 16:18:11.941964,25.0,47.0,28,75,0
2025-07-11 16:18:13.352394,25.0,47.0,94,94,0
2025-07-11 16:18:14.784926,25.0,47.0,178,178,0
2025-07-11 16:18:16.184728,nan,nan,25,76,0
2025-07-11 16:18:17.581588,25.0,47.0,23,75,0
2025-07-11 16:18:18.990820,25.0,47.0,84,84,0
2025-07-11 16:18:20.432879,25.0,47.0,75,75,0
2025-07-11 16:18:21.828159,nan,nan,54,73,0
2025-07-11 16:18:23.228244,25.0,47.0,52,317,0
2025-07-11 16:18:24.639660,25.0,47.0,75,75,0
2025-07-11 16:18:26.089133,25.0,48.0,75,75,0
2025-07-11 16:18:27.484873,nan,nan,42,74,0
2025-07-11 16:18:28.880045,25.0,48.0,40,76,0
2025-07-11 16:18:30.287564,25.0,48.0,73,73,0
2025-07-11 16:18:31.734708,25.0,48.0,466,466,0
2025-07-11 16:18:33.129903,nan,nan,37,839,0
2025-07-11 16:18:34.532739,25.0,49.0,23,72,0
2025-07-11 16:18:35.943735,25.0,48.0,840,840,0
2025-07-11 16:18:37.371597,25.0,49.0,75,75,0
2025-07-11 16:18:38.767211,nan,nan,23,73,0
2025-07-11 16:18:40.164712,25.0,49.0,26,76,0
2025-07-11 16:18:41.573259,25.0,49.0,840,840,0
2025-07-11 16:18:43.016880,25.0,49.0,75,75,0
2025-07-11 16:18:44.949902,nan,nan,13,74,0
2025-07-11 16:18:46.705456,nan,nan,15,77,0
2025-07-11 16:18:48.246429,25.0,49.0,76,76,0
2025-07-11 16:18:49.645053,nan,nan,13,75,0
2025-07-11 16:18:51.042760,25.0,48.0,584,107,0
2025-07-11 16:18:52.452709,25.0,48.0,125,125,0
2025-07-11 16:18:53.908235,25.0,48.0,75,75,0
2025-07-11 16:18:55.305097,nan,nan,255,75,0
2025-07-11 16:18:56.700890,25.0,48.0,252,74,0
2025-07-11 16:18:58.110572,25.0,48.0,112,112,0
2025-07-11 16:18:59.529537,25.0,48.0,76,76,0
2025-07-11 16:19:00.924281,nan,nan,248,75,0
2025-07-11 16:19:02.320945,25.0,48.0,250,76,0
2025-07-11 16:19:03.732782,nan,nan,113,113,0
2025-07-11 16:19:05.179126,25.0,47.0,75,75,0
2025-07-11 16:19:06.575894,nan,nan,267,74,0
2025-07-11 16:19:07.972297,25.0,47.0,270,75,0
2025-07-11 16:19:09.380231,25.0,47.0,112,112,0
2025-07-11 16:19:10.830586,25.0,47.0,75,75,0
2025-07-11 16:19:12.226117,nan,nan,278,73,0
2025-07-11 16:19:13.620597,25.0,47.0,281,75,0
2025-07-11 16:19:15.031371,25.0,47.0,100,100,0
2025-07-11 16:19:16.471018,25.0,47.0,75,75,0
2025-07-11 16:19:17.868905,nan,nan,291,74,0
2025-07-11 16:19:19.268848,25.0,47.0,284,77,0
2025-07-11 16:19:20.677173,25.0,46.0,92,92,0
2025-07-11 16:19:22.109434,25.0,46.0,76,76,0
2025-07-11 16:19:23.505902,nan,nan,32,77,0
2025-07-11 16:19:24.902252,25.0,47.0,16,76,0
2025-07-11 16:19:26.313796,25.0,47.0,85,85,0
2025-07-11 16:19:27.744429,25.0,47.0,75,75,0
2025-07-11 16:19:29.144893,nan,nan,16,87,0
2025-07-11 16:19:30.539812,25.0,47.0,15,74,0
2025-07-11 16:19:31.946337,25.0,47.0,90,90,0
2025-07-11 16:19:33.393908,25.0,47.0,76,76,0
2025-07-11 16:19:34.789325,nan,nan,14,77,0
2025-07-11 16:19:36.184977,25.0,46.0,15,78,0
2025-07-11 16:19:37.591005,25.0,46.0,78,78,0
2025-07-11 16:19:39.035665,25.0,46.0,76,76,0
2025-07-11 16:19:40.430813,nan,nan,11,75,0
2025-07-11 16:19:41.828985,25.0,46.0,13,77,0
2025-07-11 16:19:43.237177,25.0,46.0,141,141,0
2025-07-11 16:19:44.688811,25.0,46.0,76,76,0
2025-07-11 16:19:46.085217,nan,nan,12,74,0
2025-07-11 16:19:47.480687,25.0,46.0,10,74,0
2025-07-11 16:19:48.890565,25.0,46.0,126,126,0
2025-07-11 16:19:50.323077,25.0,46.0,77,77,0
2025-07-11 16:19:51.719090,nan,nan,13,77,0
2025-07-11 16:19:53.117646,25.0,46.0,276,78,0
2025-07-11 16:19:54.524607,25.0,46.0,92,92,0
2025-07-11 16:19:55.954396,25.0,46.0,77,77,0
2025-07-11 16:19:57.350612,nan,nan,279,78,0
Timestamp,Temp (C),Humidity (%),Light,Sound,Motion
2025-07-11 16:20:02.760164,nan,nan,278,76,0
2025-07-11 16:20:04.175970,nan,nan,263,78,0
2025-07-11 16:20:05.592196,nan,nan,101,101,0
2025-07-11 16:20:07.035473,25.0,46.0,78,78,0
2025-07-11 16:20:08.432815,nan,nan,45,77,0
2025-07-11 16:20:09.833226,25.0,46.0,44,74,0
2025-07-11 16:20:11.246584,25.0,46.0,78,78,0
2025-07-11 16:20:12.696131,25.0,46.0,78,78,0
2025-07-11 16:20:14.092383,nan,nan,36,79,0
2025-07-11 16:20:15.488786,25.0,46.0,32,76,0
2025-07-11 16:20:16.897326,25.0,46.0,76,76,0
2025-07-11 16:20:18.331933,25.0,46.0,77,77,0
2025-07-11 16:20:19.727701,nan,nan,34,77,0
2025-07-11 16:20:21.122552,25.0,46.0,31,78,0
2025-07-11 16:20:22.529080,25.0,46.0,79,79,0
2025-07-11 16:20:23.965352,25.0,46.0,78,78,0
2025-07-11 16:20:25.360381,nan,nan,32,143,0
2025-07-11 16:20:26.761310,25.0,46.0,32,78,0
2025-07-11 16:20:28.168309,25.0,46.0,105,105,0
2025-07-11 16:20:29.598926,25.0,46.0,77,77,0
2025-07-11 16:20:30.996409,nan,nan,34,78,0
2025-07-11 16:20:32.391169,25.0,46.0,33,78,0
2025-07-11 16:20:33.796865,25.0,46.0,103,103,0
2025-07-11 16:20:35.241933,25.0,46.0,78,78,0
2025-07-11 16:20:36.637591,nan,nan,33,91,0
2025-07-11 16:20:38.034106,25.0,46.0,33,78,0
2025-07-11 16:20:39.439833,25.0,46.0,115,115,0
2025-07-11 16:20:40.881539,25.0,46.0,79,79,0
2025-07-11 16:20:42.278959,nan,nan,38,77,0
2025-07-11 16:20:43.676522,25.0,46.0,42,77,0
2025-07-11 16:20:45.083255,25.0,46.0,79,79,0
2025-07-11 16:20:46.529506,25.0,46.0,845,845,0
2025-07-11 16:20:47.926550,nan,nan,42,78,0
2025-07-11 16:20:49.322833,25.0,47.0,49,76,0
Timestamp,Temp (C),Humidity (%),Light,Sound,Motion
2025-07-11 16:23:11.203782,nan,nan,763,116,0
2025-07-11 16:23:12.701300,25.0,47.0,82,82,0
2025-07-11 16:23:14.095732,nan,nan,765,83,0
2025-07-11 16:23:15.490574,nan,nan,765,85,0
2025-07-11 16:23:16.908875,25.0,47.0,82,82,0
2025-07-11 16:23:18.330667,25.0,47.0,83,83,0
2025-07-11 16:23:19.747804,25.0,47.0,763,86,0
2025-07-11 16:23:21.141778,nan,nan,80,84,0
2025-07-11 16:23:22.565084,25.0,47.0,85,85,0
2025-07-11 16:23:23.970460,25.0,46.0,127,127,0
2025-07-11 16:23:25.425064,25.0,47.0,29,84,0
2025-07-11 16:23:30.955133,25.0,47.0,85,85,0
2025-07-11 16:23:32.351605,nan,nan,31,551,0
2025-07-11 16:23:34.559092,25.0,46.0,84,84,0
2025-07-11 16:23:35.989533,25.0,47.0,83,83,0
2025-07-11 16:23:37.384209,nan,nan,25,86,0
2025-07-11 16:23:38.778543,25.0,48.0,43,85,0
2025-07-11 16:23:40.186193,nan,nan,131,131,0
2025-07-11 16:23:41.633029,25.0,48.0,86,86,1
2025-07-11 16:23:43.031409,nan,nan,111,86,0
2025-07-11 16:23:44.425888,25.0,48.0,124,83,1
2025-07-11 16:23:45.831805,25.0,48.0,95,95,1
2025-07-11 16:23:47.282725,25.0,48.0,87,87,0
2025-07-11 16:23:48.677715,nan,nan,47,85,0
2025-07-11 16:23:50.072345,25.0,48.0,53,85,0
2025-07-11 16:23:51.478071,25.0,48.0,50,110,0
2025-07-11 16:23:53.445238,25.0,48.0,83,83,0
Timestamp,Temp (C),Humidity (%),Light,Sound,Motion
2025-07-11 16:30:19.275575,nan,nan,374,65535,0
2025-07-11 16:30:20.851125,25.0,47.0,96,96,0
2025-07-11 16:30:22.248665,25.0,47.0,765,99,0
2025-07-11 16:30:23.642341,nan,nan,764,98,0
2025-07-11 16:30:25.041783,25.0,47.0,100,100,0
2025-07-11 16:30:26.434390,25.0,47.0,100,100,0
2025-07-11 16:30:27.830103,25.0,47.0,764,103,0
2025-07-11 16:30:29.227867,nan,nan,511,255,0
2025-07-11 16:30:30.646831,25.0,47.0,99,99,0
2025-07-11 16:30:32.040827,25.0,47.0,104,104,0
Timestamp,Temp (C),Humidity (%),Light,Sound,Motion
2025-07-11 16:31:58.984643,nan,nan,765,106,0
2025-07-11 16:32:00.406578,25.0,47.0,764,104,0
2025-07-11 16:32:01.837665,25.0,47.0,106,106,0
2025-07-11 16:32:03.236321,25.0,46.0,106,106,0
2025-07-11 16:32:04.631926,nan,nan,766,106,0
2025-07-11 16:32:06.045707,25.0,46.0,764,150,0
2025-07-11 16:32:07.485260,25.0,46.0,106,106,0
2025-07-11 16:32:08.880459,25.0,46.0,106,106,0
2025-07-11 16:32:10.279059,25.0,46.0,765,106,0
2025-07-11 16:32:11.688436,nan,nan,763,116,0
2025-07-11 16:32:13.141566,25.0,46.0,141,141,0
2025-07-11 16:32:14.537138,nan,nan,162,106,0
2025-07-11 16:32:15.933728,nan,nan,119,104,0
2025-07-11 16:32:17.341703,25.0,47.0,60,163,0
2025-07-11 16:32:18.792026,25.0,46.0,106,106,0
2025-07-11 16:32:20.192150,25.0,46.0,63,106,0
2025-07-11 16:32:21.606610,nan,nan,56,105,0
2025-07-11 16:32:23.036608,nan,nan,0,56,0
2025-07-11 16:32:24.459304,25.0,46.0,106,106,0
2025-07-11 16:32:25.856106,nan,nan,51,105,0
2025-07-11 16:32:27.255382,nan,nan,51,106,0
2025-07-11 16:32:28.670326,25.0,46.0,65535,142,0
2025-07-11 16:32:30.116243,25.0,46.0,105,105,0
2025-07-11 16:32:31.536094,25.0,46.0,576,107,0
2025-07-11 16:32:32.932252,nan,nan,451,105,1
2025-07-11 16:32:34.340536,25.0,46.0,132,132,0
2025-07-11 16:32:35.789936,25.0,46.0,105,105,0
2025-07-11 16:32:37.186834,25.0,46.0,42,106,0
2025-07-11 16:32:38.588116,nan,nan,40,107,1
2025-07-11 16:32:39.996745,25.0,46.0,130,130,0
2025-07-11 16:32:41.460403,25.0,46.0,105,105,1
2025-07-11 16:32:42.856583,nan,nan,39,106,1
2025-07-11 16:32:44.258722,25.0,47.0,35,107,1
2025-07-11 16:32:45.662057,25.0,46.0,106,106,1
2025-07-11 16:32:47.059199,25.0,46.0,106,106,0
2025-07-11 16:32:48.454114,25.0,47.0,34,107,1
2025-07-11 16:32:49.856051,nan,nan,36,107,1
2025-07-11 16:32:51.274756,25.0,46.0,106,106,0
2025-07-11 16:32:52.671571,25.0,46.0,107,107,1
2025-07-11 16:32:54.067691,25.0,47.0,766,106,0
Timestamp,Temp (C),Humidity (%),Light,Sound,Motion
Timestamp,Temp (C),Humidity (%),Light,Sound,Motion
Timestamp,Temp (C),Humidity (%),Light,Sound,Motion
Timestamp,Temp (C),Humidity (%),Light,Sound,Motion
Timestamp,Temp (C),Humidity (%),Light,Sound,Motion
2025-07-11 16:50:30.030389,25.0,47.0,144,144,0
2025-07-11 16:50:31.652517,nan,nan,763,146,0
2025-07-11 16:50:33.101982,25.0,48.0,766,145,0
2025-07-11 16:50:34.601792,25.0,47.0,144,144,0
2025-07-11 16:50:35.998130,nan,nan,766,144,0
2025-07-11 16:50:38.648485,25.0,48.0,146,146,0
2025-07-11 16:50:40.154828,nan,nan,765,143,0
Timestamp,Temp (C),Humidity (%),Light,Sound,Motion
2025-07-11 16:51:26.460570,25.0,47.0,148,148,0
2025-07-11 16:51:27.888866,nan,nan,146,146,0
2025-07-11 16:51:29.305496,nan,nan,765,146,0
Timestamp,Temp (C),Humidity (%),Light,Sound,Motion
2025-07-11 16:53:25.312927,nan,nan,767,153,0
2025-07-11 16:53:26.747409,26.0,46.0,194,194,0
2025-07-11 16:53:28.194764,26.0,46.0,151,151,0
2025-07-11 16:53:29.593240,nan,nan,758,157,0
2025-07-11 16:53:31.099045,26.0,46.0,152,65535,0
2025-07-11 16:53:32.521977,26.0,46.0,153,153,0
2025-07-11 16:53:33.936052,nan,nan,762,155,0
2025-07-11 16:53:35.353865,26.0,46.0,765,151,0
2025-07-11 16:53:36.766877,26.0,46.0,765,151,0
2025-07-11 16:53:38.442036,26.0,46.0,152,152,0
2025-07-11 16:53:39.841086,26.0,46.0,179,179,0
2025-07-11 16:53:41.275680,26.0,46.0,762,153,0
2025-07-11 16:53:42.715745,nan,nan,511,255,0
2025-07-11 16:53:44.142679,26.0,46.0,152,152,0
2025-07-11 16:53:45.538608,26.0,46.0,152,152,1
2025-07-11 16:53:46.932860,26.0,46.0,765,153,0
2025-07-11 16:53:48.327901,nan,nan,764,152,0
2025-07-11 16:53:49.764585,26.0,46.0,152,152,0
2025-07-11 16:53:51.161460,nan,nan,152,152,0
2025-07-11 16:53:52.558149,nan,nan,133,151,1
2025-07-11 16:53:53.969721,26.0,46.0,115,152,0
2025-07-11 16:53:55.377786,26.0,46.0,153,153,1
2025-07-11 16:53:56.786673,nan,nan,107,151,1
2025-07-11 16:53:58.191864,nan,nan,103,173,0
2025-07-11 16:53:59.632993,26.0,46.0,152,152,1
2025-07-11 16:54:01.030564,26.0,46.0,150,150,0
2025-07-11 16:54:02.426376,26.0,46.0,455,152,0
2025-07-11 16:54:03.838317,nan,nan,485,153,0
2025-07-11 16:54:05.362568,26.0,46.0,184,184,1
2025-07-11 16:54:06.884810,26.0,46.0,493,196,1
2025-07-11 16:54:08.355385,26.0,47.0,412,217,0
2025-07-11 16:54:09.833131,nan,nan,168,168,1
2025-07-11 16:54:11.254310,25.0,45.0,628,628,1
2025-07-11 16:54:12.651062,26.0,46.0,442,150,0
2025-07-11 16:54:14.062186,nan,nan,47,197,1
2025-07-11 16:54:15.526572,26.0,46.0,153,153,1
2025-07-11 16:54:16.925851,26.0,46.0,152,152,0
2025-07-11 16:54:18.322868,nan,nan,16,153,0
2025-07-11 16:54:19.733323,26.0,46.0,14,155,0
2025-07-11 16:54:21.164980,26.0,46.0,153,153,0
2025-07-11 16:54:22.562365,26.0,46.0,152,152,0
2025-07-11 16:54:23.962860,nan,nan,11,153,0
2025-07-11 16:54:25.373938,26.0,46.0,12,179,0
2025-07-11 16:54:26.830807,26.0,46.0,11,153,0
2025-07-11 16:54:28.233731,26.0,46.0,152,152,0
2025-07-11 16:54:29.631082,26.0,46.0,150,150,0
2025-07-11 16:54:31.037826,26.0,46.0,10,172,0
2025-07-11 16:54:32.505829,nan,nan,65535,189,0
2025-07-11 16:54:33.907382,26.0,46.0,153,153,0
2025-07-11 16:54:35.304627,26.0,46.0,3,152,0
2025-07-11 16:54:36.717174,nan,nan,6,180,0
2025-07-11 16:54:38.211306,26.0,46.0,177,177,0
2025-07-11 16:54:39.607435,26.0,46.0,153,153,0
2025-07-11 16:54:41.007183,26.0,46.0,456,153,0
2025-07-11 16:54:42.404710,nan,nan,361,152,0
Timestamp,Temp (C),Humidity (%),Light,Sound,Motion
2025-07-11 16:55:05.573118,26.0,46.0,685,155,0
2025-07-11 16:55:06.988734,26.0,46.0,613,154,0
2025-07-11 16:55:08.397852,nan,nan,584,175,0
2025-07-11 16:55:09.839216,26.0,46.0,153,153,0
2025-07-11 16:55:11.246727,nan,nan,9,153,0
2025-07-11 16:55:12.647175,nan,nan,8,154,0
2025-07-11 16:55:14.063433,26.0,46.0,156,65535,0
2025-07-11 16:55:15.482810,26.0,46.0,154,154,0
2025-07-11 16:55:16.880431,nan,nan,1,153,0
2025-07-11 16:55:18.285535,nan,nan,1,153,0
2025-07-11 16:55:19.699376,26.0,46.0,152,152,0
2025-07-11 16:55:21.149930,26.0,46.0,152,152,0
2025-07-11 16:55:22.546778,26.0,47.0,3,152,0
2025-07-11 16:55:23.950135,nan,nan,4,154,0
2025-07-11 16:55:25.369810,26.0,46.0,193,193,0
2025-07-11 16:55:26.849334,26.0,46.0,153,153,0
2025-07-11 16:55:28.246998,nan,nan,292,152,0
2025-07-11 16:55:29.644692,26.0,46.0,292,154,0
Timestamp,Temp (C),Humidity (%),Light,Sound,Motion
2025-07-11 16:56:43.486884,nan,nan,314,314,0
2025-07-11 16:56:44.901099,26.0,46.0,246,191,0
2025-07-11 16:56:46.340263,nan,nan,245,154,0
2025-07-11 16:56:47.764796,26.0,46.0,156,156,0
2025-07-11 16:56:49.273321,nan,nan,246,231,0
2025-07-11 16:56:50.705775,26.0,46.0,247,296,0
2025-07-11 16:56:52.171883,26.0,46.0,351,351,0
2025-07-11 16:56:53.614273,26.0,46.0,154,154,0
2025-07-11 16:56:55.021264,26.0,46.0,232,179,0
2025-07-11 16:56:56.483949,nan,nan,10,153,0
2025-07-11 16:56:57.886669,26.0,46.0,153,153,0
2025-07-11 16:56:59.303099,26.0,46.0,244,153,0
2025-07-11 16:57:00.698993,nan,nan,234,155,0
2025-07-11 16:57:02.099190,26.0,46.0,156,156,0
2025-07-11 16:57:03.516097,26.0,46.0,154,154,0
2025-07-11 16:57:04.913381,26.0,46.0,8,152,0
2025-07-11 16:57:06.313333,26.0,46.0,5,155,0
2025-07-11 16:57:07.742636,nan,nan,0,11,0
2025-07-11 16:57:09.367483,26.0,46.0,155,155,0
2025-07-11 16:57:13.032622,nan,nan,152,152,0
2025-07-11 16:57:14.429656,nan,nan,6,155,0
2025-07-11 16:57:15.934348,nan,nan,7,155,0
2025-07-11 16:57:17.365113,26.0,46.0,191,191,0
2025-07-11 16:57:18.792935,26.0,47.0,153,153,0
2025-07-11 16:57:20.189435,nan,nan,259,154,0
2025-07-11 16:57:21.590672,26.0,47.0,265,278,0
2025-07-11 16:57:23.107411,26.0,47.0,155,155,0
2025-07-11 16:57:24.563030,26.0,47.0,161,161,0
2025-07-11 16:57:26.054583,26.0,47.0,278,334,0
Timestamp,Temp (C),Humidity (%),Light,Sound,Motion
2025-07-11 17:00:14.807705,nan,nan,414,414,0
2025-07-11 17:00:16.226956,nan,nan,764,160,1
2025-07-11 17:00:17.650712,25.0,45.0,764,160,1
2025-07-11 17:00:19.076677,26.0,46.0,395,395,0
2025-07-11 17:00:20.525792,nan,nan,765,172,0
2025-07-11 17:00:21.947058,nan,nan,766,161,0
2025-07-11 17:00:23.369249,26.0,46.0,204,204,1
2025-07-11 17:00:24.797989,26.0,46.0,162,162,0
2025-07-11 17:00:26.264936,26.0,47.0,339,160,1
2025-07-11 17:00:27.684274,nan,nan,293,160,1
Timestamp,Temp (C),Humidity (%),Light,Sound,Motion
2025-07-11 17:01:06.443472,25.0,45.0,163,163,0
2025-07-11 17:01:07.877032,26.0,46.0,557,161,0
2025-07-11 17:01:09.321952,nan,nan,521,216,0
2025-07-11 17:01:10.807650,26.0,46.0,191,191,0
2025-07-11 17:01:12.240097,nan,nan,567,161,0
2025-07-11 17:01:13.636484,nan,nan,626,162,0
2025-07-11 17:01:15.031906,26.0,46.0,509,163,0
2025-07-11 17:01:16.458555,26.0,46.0,197,197,0
2025-07-11 17:01:17.937466,26.0,46.0,28,162,0
2025-07-11 17:01:19.337077,nan,nan,23,162,0
2025-07-11 17:01:20.757374,26.0,46.0,163,163,0
2025-07-11 17:01:22.169620,26.0,46.0,178,178,0
2025-07-11 17:01:23.633062,26.0,46.0,23,162,0
2025-07-11 17:01:25.120156,nan,nan,23,200,0
2025-07-11 17:01:26.648541,26.0,46.0,301,301,0
2025-07-11 17:01:28.050706,26.0,46.0,29,161,0
2025-07-11 17:01:29.486469,26.0,46.0,1,162,0
2025-07-11 17:01:30.889141,nan,nan,161,161,0
2025-07-11 17:01:32.286687,26.0,46.0,161,161,0
2025-07-11 17:01:33.730095,26.0,46.0,2,160,0
2025-07-11 17:01:35.128823,nan,nan,765,162,0
Timestamp,Temp (C),Humidity (%),Light,Sound,Motion
2025-07-11 17:02:06.864916,nan,nan,166,166,0
2025-07-11 17:02:08.327689,25.0,45.0,163,163,0
2025-07-11 17:02:09.747216,nan,nan,765,207,0
2025-07-11 17:02:11.179440,26.0,46.0,766,164,0
2025-07-11 17:02:12.609901,26.0,46.0,162,162,0
2025-07-11 17:02:14.092646,25.0,45.0,766,163,0
2025-07-11 17:02:15.521053,nan,nan,766,196,0
2025-07-11 17:02:16.967459,26.0,46.0,164,164,0
2025-07-11 17:02:18.370387,26.0,46.0,166,166,0
2025-07-11 17:02:19.787025,26.0,46.0,765,164,0
2025-07-11 17:02:21.184895,nan,nan,766,163,0
2025-07-11 17:02:22.585971,26.0,46.0,164,164,0
2025-07-11 17:02:24.003900,26.0,46.0,166,166,0
2025-07-11 17:02:25.415351,25.0,45.0,765,162,1
2025-07-11 17:02:26.821277,nan,nan,765,163,1
2025-07-11 17:02:28.220869,26.0,46.0,168,168,0
2025-07-11 17:02:30.066823,nan,nan,764,165,0
2025-07-11 17:02:31.466671,26.0,46.0,189,189,0
2025-07-11 17:02:32.912141,26.0,46.0,163,163,1
2025-07-11 17:02:34.312773,25.0,45.0,766,164,1
2025-07-11 17:02:35.724699,nan,nan,766,164,0
2025-07-11 17:02:37.132653,25.0,45.0,189,189,0
2025-07-11 17:02:38.583702,26.0,46.0,177,177,1
2025-07-11 17:02:40.002327,nan,nan,766,164,0
2025-07-11 17:02:41.397732,26.0,46.0,765,164,1
2025-07-11 17:02:42.812945,26.0,46.0,174,174,1
2025-07-11 17:02:44.217314,26.0,46.0,164,164,0
2025-07-11 17:02:45.630267,nan,nan,765,165,0
2025-07-11 17:02:47.027526,25.0,45.0,767,163,0
2025-07-11 17:02:48.449230,26.0,46.0,199,199,1
2025-07-11 17:02:49.919530,26.0,46.0,766,180,0
2025-07-11 17:02:51.316495,nan,nan,766,165,0
2025-07-11 17:02:52.717813,26.0,46.0,165,165,0
2025-07-11 17:02:54.177035,26.0,46.0,165,165,0
2025-07-11 17:02:55.597804,26.0,46.0,767,164,0
2025-07-11 17:02:56.994166,nan,nan,764,165,0
2025-07-11 17:02:58.395258,26.0,46.0,164,164,0
2025-07-11 17:02:59.799112,26.0,46.0,264,264,0
2025-07-11 17:03:01.199804,nan,nan,765,166,0
2025-07-11 17:03:02.675225,26.0,46.0,765,169,0
2025-07-11 17:03:04.194291,26.0,46.0,166,166,0
2025-07-11 17:03:05.613715,26.0,46.0,765,165,0
2025-07-11 17:03:07.012574,nan,nan,766,167,0
2025-07-11 17:03:08.415155,26.0,46.0,763,192,0
2025-07-11 17:03:09.922949,26.0,46.0,166,166,0
Timestamp,Temp (C),Humidity (%),Light,Sound,Motion
2025-07-11 17:03:20.957162,nan,nan,769,176,0
2025-07-11 17:03:22.380795,nan,nan,164,164,0
2025-07-11 17:03:23.784671,nan,nan,765,166,0
2025-07-11 17:03:25.181685,nan,nan,765,165,0
2025-07-11 17:03:26.597584,26.0,46.0,765,165,0
2025-07-11 17:03:27.994028,26.0,46.0,165,165,0
2025-07-11 17:03:29.401013,26.0,46.0,766,184,0
2025-07-11 17:03:30.849123,nan,nan,766,164,0
2025-07-11 17:03:32.249068,26.0,45.0,167,167,0
2025-07-11 17:03:33.651105,26.0,46.0,168,168,0
2025-07-11 17:03:35.065241,nan,nan,764,215,0
2025-07-11 17:03:36.511713,26.0,46.0,766,167,0
2025-07-11 17:03:37.911924,26.0,46.0,165,165,0
2025-07-11 17:03:39.316286,26.0,46.0,166,166,0
2025-07-11 17:03:40.727282,26.0,46.0,764,219,0
2025-07-11 17:03:42.180069,nan,nan,766,167,0
2025-07-11 17:03:43.585162,26.0,46.0,167,167,0
2025-07-11 17:03:44.986071,26.0,46.0,165,165,0
2025-07-11 17:03:46.396500,26.0,46.0,765,193,0
2025-07-11 17:03:47.829513,nan,nan,765,166,0
2025-07-11 17:03:49.229046,26.0,46.0,165,165,0
2025-07-11 17:03:50.633588,26.0,45.0,167,167,0
Timestamp,Temp (C),Humidity (%),Light,Sound,Motion
2025-07-11 17:04:03.068099,26.0,46.0,764,216,0
2025-07-11 17:04:04.513508,26.0,46.0,765,168,0
2025-07-11 17:04:05.912665,nan,nan,168,168,0
2025-07-11 17:04:07.320517,26.0,46.0,174,174,0
2025-07-11 17:04:08.775794,26.0,45.0,81,168,0
2025-07-11 17:04:10.197360,nan,nan,78,169,0
2025-07-11 17:04:11.602485,26.0,45.0,169,169,0
2025-07-11 17:04:13.009214,26.0,46.0,185,185,0
2025-07-11 17:04:14.450993,26.0,46.0,79,168,0
2025-07-11 17:04:15.855778,nan,nan,60,166,0
2025-07-11 17:04:17.260835,26.0,46.0,167,167,0
2025-07-11 17:04:18.667339,26.0,46.0,181,181,0
2025-07-11 17:04:20.101370,26.0,46.0,765,167,1
Timestamp,Temp (C),Humidity (%),Light,Sound,Motion
2025-07-11 17:04:36.553000,26.0,45.0,213,213,0
2025-07-11 17:04:37.969206,26.0,45.0,765,169,0
2025-07-11 17:04:39.366282,nan,nan,767,168,0
2025-07-11 17:04:40.766637,26.0,45.0,169,169,0
2025-07-11 17:04:42.164065,26.0,45.0,169,169,0
2025-07-11 17:04:43.559631,26.0,46.0,134,168,0
2025-07-11 17:04:44.960144,nan,nan,77,169,0
2025-07-11 17:04:46.401869,26.0,45.0,169,169,0
2025-07-11 17:04:47.799749,26.0,45.0,170,170,0
2025-07-11 17:04:49.200030,26.0,46.0,135,168,0
2025-07-11 17:04:50.613226,nan,nan,766,196,0
2025-07-11 17:04:52.098970,26.0,45.0,169,169,0
Timestamp,Temp (C),Humidity (%),Light,Sound,Motion
2025-07-11 17:05:04.120694,nan,nan,768,208,0
2025-07-11 17:05:05.543252,26.0,46.0,170,170,0
2025-07-11 17:05:06.943964,26.0,45.0,170,170,0
2025-07-11 17:05:08.340055,26.0,46.0,69,170,0
2025-07-11 17:05:09.741244,nan,nan,53,169,0
2025-07-11 17:05:11.157058,26.0,45.0,169,169,0
2025-07-11 17:05:12.589250,26.0,45.0,170,170,0
2025-07-11 17:05:13.986517,26.0,46.0,765,170,0
2025-07-11 17:05:15.395104,nan,nan,767,236,0
2025-07-11 17:05:16.837031,26.0,45.0,170,170,0
2025-07-11 17:05:18.293128,26.0,46.0,765,452,0
2025-07-11 17:05:19.724451,nan,nan,765,170,0
2025-07-11 17:05:21.142229,26.0,46.0,196,196,0
2025-07-11 17:05:22.632146,26.0,46.0,297,297,0
2025-07-11 17:05:24.055744,nan,nan,185,170,0
2025-07-11 17:05:25.455010,26.0,46.0,149,166,0
2025-07-11 17:05:26.867721,26.0,46.0,170,170,0
2025-07-11 17:05:28.310374,26.0,46.0,170,170,0
2025-07-11 17:05:29.717032,nan,nan,52,168,0
2025-07-11 17:05:31.623902,26.0,46.0,170,170,0
2025-07-11 17:05:33.114164,nan,nan,53,170,0
2025-07-11 17:05:34.515970,26.0,47.0,55,170,0
2025-07-11 17:05:35.920422,26.0,47.0,167,167,0
2025-07-11 17:05:37.338233,nan,nan,55,204,0
2025-07-11 17:05:38.789918,nan,nan,55,170,0
2025-07-11 17:05:40.193062,26.0,47.0,194,194,0
2025-07-11 17:05:41.608092,26.0,47.0,169,169,0
2025-07-11 17:05:43.014369,26.0,47.0,53,201,0
2025-07-11 17:05:44.455433,26.0,46.0,51,169,0
2025-07-11 17:05:45.863060,nan,nan,178,178,0
2025-07-11 17:05:47.260670,26.0,46.0,170,170,0
2025-07-11 17:05:48.673020,26.0,46.0,764,170,0
2025-07-11 17:05:50.069076,nan,nan,767,170,0
2025-07-11 17:05:51.496792,26.0,46.0,171,171,0
2025-07-11 17:05:53.000865,26.0,46.0,196,196,0
2025-07-11 17:05:54.504317,26.0,46.0,768,169,0
2025-07-11 17:05:55.908467,nan,nan,766,170,0
2025-07-11 17:05:57.348609,26.0,46.0,171,171,0
2025-07-11 17:05:58.869823,26.0,46.0,766,256,0
Timestamp,Temp (C),Humidity (%),Light,Sound,Motion
2025-07-11 17:06:06.503011,26.0,46.0,228,228,0
2025-07-11 17:06:07.967953,26.0,46.0,767,169,0
2025-07-11 17:06:09.421247,nan,nan,767,765,0
Timestamp,Temp (C),Humidity (%),Light,Sound,Motion
Timestamp,Temp (C),Humidity (%),Light,Sound,Motion
Timestamp,Temp (C),Humidity (%),Light,Sound,Motion
2025-07-11 17:18:23.867432,nan,nan,193,193,0
2025-07-11 17:18:25.384302,nan,nan,766,199,0
2025-07-11 17:18:26.833716,26.0,45.0,765,192,0
2025-07-11 17:18:28.255185,26.0,45.0,192,192,0
2025-07-11 17:18:29.850445,nan,nan,764,192,0
2025-07-11 17:18:31.264575,26.0,45.0,766,192,0
2025-07-11 17:18:32.683498,26.0,45.0,190,190,0
2025-07-11 17:18:34.130755,26.0,45.0,191,191,0
2025-07-11 17:18:35.573553,26.0,45.0,766,194,0
2025-07-11 17:18:36.989950,nan,nan,764,191,0
2025-07-11 17:18:38.418147,26.0,45.0,193,193,0
2025-07-11 17:18:39.845156,26.0,45.0,764,226,0
2025-07-11 17:18:41.309830,26.0,45.0,764,193,0
2025-07-11 17:18:42.735272,nan,nan,192,192,0
2025-07-11 17:18:44.172683,26.0,45.0,192,192,0
2025-07-11 17:18:45.595499,26.0,45.0,763,209,0
2025-07-11 17:18:47.054663,nan,nan,765,192,0
2025-07-11 17:18:48.480863,26.0,45.0,191,191,0
2025-07-11 17:18:49.899573,26.0,45.0,192,192,0
2025-07-11 17:18:51.316112,26.0,45.0,763,255,0
2025-07-11 17:18:52.846520,nan,nan,193,193,0
2025-07-11 17:18:54.292007,26.0,45.0,194,194,0
Timestamp,Temp (C),Humidity (%),Light,Sound,Motion
Timestamp,Temp (C),Humidity (%),Light,Sound,Motion
Timestamp,Temp (C),Humidity (%),Light,Sound,Motion
Timestamp,Temp (C),Humidity (%),Light,Sound,Motion
Timestamp,Temp (C),Humidity (%),Light,Sound,Motion
Timestamp,Temp (C),Humidity (%),Light,Sound,Motion
2025-07-11 17:58:11.819038,-1,-1,764,311,0
2025-07-11 17:58:13.529206,-1,-1,360,360,0
2025-07-11 17:58:14.929369,-1,-1,85,85,0
2025-07-11 17:58:16.519918,-1,-1,86,86,0
2025-07-11 17:58:17.991387,-1,-1,762,85,0
2025-07-11 17:58:19.443153,-1,-1,767,85,0
Timestamp,Temp (C),Humidity (%),Light,Sound,Motion
2025-07-11 17:58:45.878047,-1,-1,763,89,0
2025-07-11 17:58:47.420031,-1,-1,88,88,0
2025-07-11 17:58:48.905350,-1,-1,88,88,0
2025-07-11 17:58:50.398117,-1,-1,767,86,0
2025-07-11 17:58:51.857828,-1,-1,87,87,0
2025-07-11 17:58:53.275337,-1,-1,87,87,0
2025-07-11 17:58:54.690472,-1,-1,766,85,0
2025-07-11 17:58:56.102612,-1,-1,764,87,0
2025-07-11 17:58:57.516373,-1,-1,89,89,0
2025-07-11 17:58:58.940539,-1,-1,85,85,0
2025-07-11 17:59:00.365088,-1,-1,764,86,0
2025-07-11 17:59:01.804975,-1,-1,763,86,0
2025-07-11 17:59:03.224394,-1,-1,87,87,0
2025-07-11 17:59:04.669424,-1,-1,121,87,0
2025-07-11 17:59:06.084130,-1,-1,764,87,0
2025-07-11 17:59:07.522844,-1,-1,764,65535,0
2025-07-11 17:59:08.945368,-1,-1,114,114,0
2025-07-11 17:59:10.408108,-1,-1,765,88,0
2025-07-11 17:59:11.877323,-1,-1,764,87,0
2025-07-11 17:59:13.292286,-1,-1,86,86,0
2025-07-11 17:59:14.722824,-1,-1,88,88,0
2025-07-11 17:59:16.192612,-1,-1,764,89,0
Timestamp,Temp (C),Humidity (%),Light,Sound,Motion
Timestamp,Temp (C),Humidity (%),Light,Sound,Motion
2025-07-11 18:05:23.904161,-1,-1,109,109,0
2025-07-11 18:05:25.443926,-1,-1,767,145,0
2025-07-11 18:05:26.894142,-1,-1,764,282,0
2025-07-11 18:05:28.416974,-1,-1,102,102,0
2025-07-11 18:05:29.984582,-1,-1,764,104,0
2025-07-11 18:05:31.395238,-1,-1,765,101,0
2025-07-11 18:05:32.826605,-1,-1,101,101,0
2025-07-11 18:05:34.240079,-1,-1,100,100,0
2025-07-11 18:05:35.669877,-1,-1,766,102,0
2025-07-11 18:05:37.096992,-1,-1,765,132,0
Timestamp,Temp (C),Humidity (%),Light,Sound,Motion
Timestamp,Temp (C),Humidity (%),Light,Sound,Motion
2025-07-11 18:10:27.681538,-1,-1,764,323,0
2025-07-11 18:10:29.227404,-1,-1,125,125,0
2025-07-11 18:10:30.669304,-1,-1,764,112,0
2025-07-11 18:10:32.092169,-1,-1,763,151,0
2025-07-11 18:10:33.513732,-1,-1,156,156,0
2025-07-11 18:10:34.941822,-1,-1,109,109,0
2025-07-11 18:10:36.388317,-1,-1,766,108,0
2025-07-11 18:10:37.813854,-1,-1,764,109,0
2025-07-11 18:10:39.236757,-1,-1,198,198,0
2025-07-11 18:10:40.705286,-1,-1,766,112,0
2025-07-11 18:10:43.300473,-1,-1,764,110,0
2025-07-11 18:10:44.734258,-1,-1,764,108,0
2025-07-11 18:10:46.174398,-1,-1,766,108,0
2025-07-11 18:10:48.013071,-1,-1,767,110,0
2025-07-11 18:10:49.435793,-1,-1,108,108,0
2025-07-11 18:10:50.892439,-1,-1,766,108,0
2025-07-11 18:10:52.309159,-1,-1,763,109,0
2025-07-11 18:10:53.729651,-1,-1,111,111,0
Timestamp,Temp (C),Humidity (%),Light,Sound,Motion
2025-07-11 18:13:14.764119,-1,-1,119,119,0
2025-07-11 18:13:16.179768,-1,-1,764,118,0
2025-07-11 18:13:17.593630,-1,-1,765,117,0
2025-07-11 18:13:19.023569,-1,-1,118,118,0
2025-07-11 18:13:20.441486,-1,-1,118,118,0
2025-07-11 18:13:21.870110,-1,-1,766,117,0
2025-07-11 18:13:23.308276,-1,-1,764,119,0
2025-07-11 18:13:24.729150,-1,-1,117,117,0
2025-07-11 18:13:26.162014,-1,-1,118,118,0
2025-07-11 18:13:27.653572,-1,-1,765,245,0
2025-07-11 18:13:29.145349,-1,-1,118,118,0
2025-07-11 18:13:30.625282,-1,-1,119,119,0
2025-07-11 18:13:32.126072,-1,-1,765,117,0
2025-07-11 18:13:33.588656,-1,-1,766,118,0
2025-07-11 18:13:35.016120,-1,-1,140,140,0
2025-07-11 18:13:36.448484,-1,-1,119,119,0
2025-07-11 18:13:37.862853,-1,-1,765,119,0
2025-07-11 18:13:39.281252,-1,-1,766,118,0
2025-07-11 18:13:40.713588,-1,-1,138,138,0
2025-07-11 18:13:42.314973,-1,-1,766,117,0
Timestamp,Temp (C),Humidity (%),Light,Sound,Motion
2025-07-11 18:14:19.148683,-1,-1,767,121,0
2025-07-11 18:14:20.591522,-1,-1,767,119,0
2025-07-11 18:14:22.145758,-1,-1,167,167,0
2025-07-11 18:14:23.615477,-1,-1,765,123,0
2025-07-11 18:14:25.031845,-1,-1,764,122,0
2025-07-11 18:14:26.453844,-1,-1,125,125,0
2025-07-11 18:14:27.889747,-1,-1,122,122,0
2025-07-11 18:14:29.323854,-1,-1,766,122,0
2025-07-11 18:14:30.805202,-1,-1,764,122,0
2025-07-11 18:14:32.241949,-1,-1,126,126,0
2025-07-11 18:14:33.704592,-1,-1,765,122,0
2025-07-11 18:14:35.118074,-1,-1,764,123,0
2025-07-11 18:14:36.534912,-1,-1,120,120,0
2025-07-11 18:14:37.965515,-1,-1,166,166,0
2025-07-11 18:14:39.429442,-1,-1,765,123,0
2025-07-11 18:14:40.847018,-1,-1,765,123,0
2025-07-11 18:14:42.272742,-1,-1,121,121,0
2025-07-11 18:14:43.700672,-1,-1,126,126,0
2025-07-11 18:14:45.158637,-1,-1,433,231,0
Timestamp,Temp (C),Humidity (%),Light,Sound,Motion
Timestamp,Temp (C),Humidity (%),Light,Sound,Motion
Timestamp,Temp (C),Humidity (%),Light,Sound,Motion
2025-07-11 18:18:12.518573,-1,-1,127,127,0
2025-07-11 18:18:14.095240,-1,-1,765,157,0
2025-07-11 18:18:15.629985,-1,-1,766,129,0
2025-07-11 18:18:17.046059,-1,-1,130,130,0
2025-07-11 18:18:18.461863,-1,-1,172,172,0
2025-07-11 18:18:19.937952,-1,-1,764,379,0
2025-07-11 18:18:21.415023,-1,-1,127,127,0
2025-07-11 18:18:22.832018,-1,-1,129,129,0
2025-07-11 18:18:24.263437,-1,-1,764,130,0
2025-07-11 18:18:25.701864,-1,-1,766,128,0
2025-07-11 18:18:27.125438,-1,-1,128,128,0
2025-07-11 18:18:28.538635,-1,-1,129,129,0
2025-07-11 18:18:29.965784,-1,-1,765,153,0
2025-07-11 18:18:31.430737,-1,-1,765,130,0
2025-07-11 18:18:32.853013,-1,-1,130,130,0
2025-07-11 18:18:34.269777,-1,-1,130,130,0
2025-07-11 18:18:35.696994,-1,-1,765,163,0
2025-07-11 18:18:37.165707,-1,-1,129,129,0
2025-07-11 18:18:38.590915,-1,-1,130,130,0
2025-07-11 18:18:40.011264,-1,-1,764,130,0
2025-07-11 18:18:41.450615,-1,-1,766,128,0
Timestamp,Temp (C),Humidity (%),Light,Sound,Motion
Timestamp,Temp (C),Humidity (%),Light,Sound,Motion
2025-07-11 18:22:08.567494,-1,-1,766,138,0
2025-07-11 18:22:10.098043,-1,-1,142,142,0
2025-07-11 18:22:11.531500,-1,-1,765,137,0
2025-07-11 18:22:12.946792,-1,-1,764,137,0
2025-07-11 18:22:14.413265,-1,-1,150,150,0
2025-07-11 18:22:15.867771,-1,-1,305,305,0
2025-07-11 18:22:17.365305,-1,-1,763,140,0
2025-07-11 18:22:18.810302,-1,-1,765,139,0
2025-07-11 18:22:26.611059,-1,-1,137,137,0
2025-07-11 18:22:28.024588,-1,-1,765,138,0
2025-07-11 18:22:29.437417,-1,-1,765,138,0
2025-07-11 18:22:31.632319,-1,-1,765,138,0
2025-07-11 18:22:33.060972,-1,-1,136,136,0
2025-07-11 18:22:34.477627,-1,-1,767,137,0
2025-07-11 18:22:35.898917,-1,-1,765,139,0
2025-07-11 18:22:37.406410,-1,-1,141,141,0
2025-07-11 18:22:38.835069,-1,-1,137,137,0
2025-07-11 18:22:40.400090,-1,-1,766,139,0
2025-07-11 18:22:41.832718,-1,-1,136,136,0
2025-07-11 18:22:43.246897,-1,-1,317,317,0
2025-07-11 18:22:44.661299,-1,-1,765,139,0
2025-07-11 18:22:46.083909,-1,-1,764,167,0
2025-07-11 18:22:47.552443,-1,-1,140,140,0
2025-07-11 18:22:48.968189,-1,-1,139,139,0
2025-07-11 18:22:50.387404,-1,-1,767,138,0
2025-07-11 18:22:51.812517,-1,-1,766,154,0
2025-07-11 18:22:53.286315,-1,-1,138,138,0
2025-07-11 18:22:54.701814,-1,-1,766,138,0
2025-07-11 18:22:56.116449,-1,-1,765,137,0
2025-07-11 18:22:57.560217,-1,-1,178,65535,0
2025-07-11 18:22:59.011979,-1,-1,139,139,0
2025-07-11 18:23:00.425433,-1,-1,766,139,0
2025-07-11 18:23:01.846837,-1,-1,765,139,0
2025-07-11 18:23:03.272595,-1,-1,164,164,0
2025-07-11 18:23:04.742190,-1,-1,140,140,0
2025-07-11 18:23:06.157555,-1,-1,763,140,0
2025-07-11 18:23:07.573628,-1,-1,764,140,0
2025-07-11 18:23:09.000741,-1,-1,765,201,0
2025-07-11 18:23:10.511288,-1,-1,139,139,0
2025-07-11 18:23:11.928521,-1,-1,765,141,0
2025-07-11 18:23:13.342811,-1,-1,764,141,0
2025-07-11 18:23:14.766186,-1,-1,149,149,0
2025-07-11 18:23:16.226995,-1,-1,138,138,0
2025-07-11 18:23:17.643416,-1,-1,766,141,0
2025-07-11 18:23:19.060194,-1,-1,765,141,0
2025-07-11 18:23:20.485732,-1,-1,144,144,0
2025-07-11 18:23:21.951731,-1,-1,766,141,0
2025-07-11 18:23:24.049044,-1,-1,139,139,0
2025-07-11 18:23:25.464767,-1,-1,160,160,0
2025-07-11 18:23:26.918640,-1,-1,767,140,0
2025-07-11 18:23:28.341132,-1,-1,141,141,0
2025-07-11 18:23:29.765249,-1,-1,139,139,0
2025-07-11 18:23:31.189360,-1,-1,764,173,0
2025-07-11 18:23:32.650307,-1,-1,765,144,0
2025-07-11 18:23:34.075002,-1,-1,141,141,0
2025-07-11 18:23:35.488661,-1,-1,141,141,0
2025-07-11 18:23:36.920537,-1,-1,764,174,0
2025-07-11 18:23:38.383510,-1,-1,766,140,0
2025-07-11 18:23:39.803814,-1,-1,140,140,0
2025-07-11 18:23:41.217412,-1,-1,766,141,0
2025-07-11 18:23:42.651043,-1,-1,766,157,0
2025-07-11 18:23:44.123887,-1,-1,141,141,0
2025-07-11 18:23:45.543316,-1,-1,141,141,0
2025-07-11 18:23:46.963239,-1,-1,765,142,0
2025-07-11 18:23:48.387885,-1,-1,763,163,0
2025-07-11 18:23:49.842975,-1,-1,140,140,0
2025-07-11 18:23:51.258810,-1,-1,142,142,0
2025-07-11 18:23:52.689010,-1,-1,764,142,0
2025-07-11 18:23:54.110064,-1,-1,764,143,0
2025-07-11 18:23:55.565856,-1,-1,142,142,0
2025-07-11 18:23:56.981000,-1,-1,764,142,0
2025-07-11 18:23:58.398858,-1,-1,764,142,0
2025-07-11 18:23:59.819306,-1,-1,149,149,0
2025-07-11 18:24:01.266643,-1,-1,143,143,0
2025-07-11 18:24:02.683216,-1,-1,143,143,0
2025-07-11 18:24:04.092065,-1,-1,765,143,0
2025-07-11 18:24:05.518086,-1,-1,764,172,0
2025-07-11 18:24:06.977268,-1,-1,143,143,0
2025-07-11 18:24:08.393232,-1,-1,141,141,0
2025-07-11 18:24:09.803219,-1,-1,765,142,0
2025-07-11 18:24:11.222035,-1,-1,765,146,0
2025-07-11 18:24:12.682953,-1,-1,141,141,0
2025-07-11 18:24:14.094486,-1,-1,143,143,0
2025-07-11 18:24:15.502750,-1,-1,765,144,0
2025-07-11 18:24:16.920073,-1,-1,766,145,0
2025-07-11 18:24:18.381628,-1,-1,143,143,0
2025-07-11 18:24:19.789712,-1,-1,766,143,0
2025-07-11 18:24:21.208726,-1,-1,767,142,0
2025-07-11 18:24:22.629504,-1,-1,144,144,0
2025-07-11 18:24:24.092014,-1,-1,141,141,0
2025-07-11 18:24:25.505073,-1,-1,765,143,0
2025-07-11 18:24:26.917307,-1,-1,765,143,0
2025-07-11 18:24:28.340479,-1,-1,193,193,0
2025-07-11 18:24:29.796359,-1,-1,143,143,0
2025-07-11 18:24:31.205602,-1,-1,766,144,0
2025-07-11 18:24:32.620430,-1,-1,765,144,0
2025-07-11 18:24:34.040048,-1,-1,172,172,0
2025-07-11 18:24:35.493742,-1,-1,767,144,0
2025-07-11 18:24:36.903911,-1,-1,765,144,0
2025-07-11 18:24:38.319238,-1,-1,144,65535,0
2025-07-11 18:24:39.737281,-1,-1,152,152,0
2025-07-11 18:31:06.061354,26.0,48.0,145,321,0
2025-07-11 18:31:07.683234,-1,-1,152,152,0
2025-07-11 18:31:09.104127,-1,-1,171,187,0
2025-07-11 18:31:10.566528,26.0,48.0,185,152,0
2025-07-11 18:31:11.985712,26.0,48.0,151,151,0
2025-07-11 18:31:13.405336,26.0,48.0,216,155,0
2025-07-11 18:31:14.874073,-1,-1,230,197,0
2025-07-11 18:31:16.347717,26.0,48.0,152,152,0
2025-07-11 18:31:17.783098,26.0,47.0,151,151,0
2025-07-11 18:31:19.195250,26.0,47.0,380,152,0
2025-07-11 18:31:20.659512,-1,-1,452,183,0
2025-07-11 18:31:22.079383,26.0,47.0,151,151,0
2025-07-11 18:31:23.494115,26.0,47.0,151,151,0
2025-07-11 18:31:24.925317,-1,-1,636,153,0
2025-07-11 18:31:26.388002,26.0,47.0,688,152,0
2025-07-11 18:31:27.808702,26.0,47.0,153,153,0
2025-07-11 18:31:29.227801,26.0,47.0,151,151,0
2025-07-11 18:31:30.640085,26.0,47.0,766,150,0
2025-07-11 18:31:32.057466,-1,-1,764,153,0
2025-07-11 18:31:33.482124,26.0,47.0,150,150,0
2025-07-11 18:31:34.895306,-1,-1,765,153,0
2025-07-11 18:31:36.322328,26.0,47.0,153,153,0
2025-07-11 18:31:37.744009,26.0,47.0,548,202,0
2025-07-11 18:31:39.169742,-1,-1,413,318,0
2025-07-11 18:31:40.602067,27.0,46.0,166,166,0
2025-07-11 18:31:42.039910,26.0,46.0,152,152,0
2025-07-11 18:31:43.493763,26.0,46.0,259,156,0
2025-07-11 18:31:44.939821,-1,-1,243,153,0
2025-07-11 18:31:46.367945,26.0,46.0,153,153,0
2025-07-11 18:31:47.783000,-1,-1,211,153,0
2025-07-11 18:31:49.252645,-1,-1,207,152,0
2025-07-11 18:31:50.756298,27.0,46.0,163,163,0
2025-07-11 18:31:52.218089,-1,-1,230,151,0
2025-07-11 18:35:31.819116,27.0,45.0,764,161,0
2025-07-13 12:21:47.032631,-1,-1,102,18,0
2025-07-13 12:21:48.530043,25.0,50.0,30,30,1
2025-07-13 12:21:49.987221,24.0,49.0,109,18,0
2025-07-13 12:30:30.713937,-1,-1,68,68,0
2025-07-13 12:30:32.132374,-1,-1,218,36,0
2025-07-13 12:30:33.575614,26.0,46.0,215,36,0
2025-07-13 12:30:35.014270,25.0,45.0,36,36,0
2025-07-13 12:30:36.462313,-1,-1,221,34,0
2025-07-13 12:30:37.884676,-1,-1,215,53,0
2025-07-13 12:30:39.358678,25.0,45.0,36,36,0
2025-07-13 12:30:40.776854,25.0,45.0,36,36,0
2025-07-13 12:30:42.199568,25.0,45.0,12,36,1
2025-07-13 12:30:43.628684,-1,-1,13,78,1
2025-07-13 12:30:45.095402,26.0,46.0,36,36,0
2025-07-13 12:30:46.521061,25.0,45.0,36,36,1
2025-07-13 12:30:47.941018,-1,-1,151,38,0
2025-07-13 12:30:49.388033,-1,-1,0,148,0
2025-07-13 12:30:50.850535,25.0,45.0,38,38,1
2025-07-13 12:30:52.269646,-1,-1,206,36,1
2025-07-13 12:30:53.683395,25.0,45.0,214,35,0
2025-07-13 12:30:55.114274,26.0,46.0,67,67,0
2025-07-13 12:30:56.585047,26.0,46.0,35,35,1
2025-07-13 12:30:58.003268,-1,-1,217,36,1
2025-07-13 12:30:59.438466,26.0,46.0,215,37,0
2025-07-13 12:31:00.871645,25.0,46.0,77,77,0
2025-07-13 12:31:02.345791,25.0,46.0,764,37,1
2025-07-13 12:31:03.761258,-1,-1,764,37,1
2025-07-13 12:31:05.179866,26.0,46.0,36,36,0
2025-07-13 12:31:06.608383,26.0,46.0,53,53,1
2025-07-13 12:31:08.074140,26.0,46.0,765,38,1
2025-07-13 12:31:09.495135,-1,-1,765,38,0
2025-07-13 12:31:10.920909,26.0,46.0,38,38,1
2025-07-13 12:31:12.376309,26.0,46.0,39,39,1
2025-07-13 12:31:13.847061,26.0,46.0,765,40,1
2025-07-13 12:31:15.274017,-1,-1,763,764,1
2025-07-13 12:31:16.693855,26.0,46.0,37,37,0
2025-07-13 12:31:18.124158,25.0,45.0,765,107,0
2025-07-13 12:31:19.592528,26.0,46.0,763,36,0
2025-07-13 12:31:21.015206,-1,-1,39,39,1
2025-07-13 12:31:22.465050,26.0,46.0,55,55,1
2025-07-13 12:31:23.894635,25.0,45.0,221,88,0
2025-07-13 12:31:25.344486,-1,-1,223,37,0
2025-07-13 12:31:26.765333,25.0,45.0,40,40,0
2025-07-13 12:33:32.430124,26.0,45.0,195,42,0
2025-07-13 12:33:33.799443,-1,-1,201,40,0
2025-07-13 12:33:35.169367,-1,-1,203,44,0
2025-07-13 12:33:36.540552,26.0,45.0,46,46,0
2025-07-13 12:33:37.916948,26.0,45.0,104,104,0
2025-07-13 12:33:39.349034,26.0,46.0,202,43,1
2025-07-13 12:33:40.772420,-1,-1,196,44,1
2025-07-13 12:33:42.898345,26.0,45.0,196,44,0
2025-07-13 12:33:44.389967,-1,-1,44,44,1
2025-07-13 12:33:57.718808,26.0,46.0,41,41,1
2025-07-13 12:33:59.045629,26.0,46.0,269,269,1
2025-07-13 12:34:40.847718,25.0,45.0,43,43,0
2025-07-13 12:34:42.248475,-1,-1,199,46,0
2025-07-13 12:34:43.598056,25.0,45.0,201,46,0
2025-07-13 13:00:41.546281,25.0,46.0,227,77,0
2025-07-13 13:00:43.685134,25.0,46.0,226,78,0
2025-07-13 13:00:45.035751,-1,-1,225,78,0
2025-07-13 13:00:55.969473,25.0,46.0,78,78,0
2025-07-13 13:00:59.391344,25.0,46.0,129,129,0
2025-07-13 13:01:00.762093,-1,-1,240,81,0
2025-07-13 13:01:02.121534,-1,-1,242,86,0
2025-07-13 13:01:03.519505,25.0,46.0,79,79,0
2025-07-13 13:01:04.966374,25.0,46.0,81,81,0
2025-07-13 13:01:06.292174,25.0,47.0,228,78,0
2025-07-13 13:01:07.738448,-1,-1,223,77,0
2025-07-13 13:01:09.087066,25.0,46.0,77,77,0
2025-07-13 13:01:10.387189,-1,-1,186,186,0
2025-07-13 13:01:11.744059,-1,-1,242,125,0
2025-07-13 13:01:13.141795,25.0,46.0,239,79,0
2025-07-13 13:01:14.490799,25.0,46.0,78,78,0
2025-07-13 13:01:15.790323,-1,-1,78,78,0
2025-07-13 13:01:17.096583,-1,-1,230,79,0
2025-07-13 13:01:18.499314,25.0,46.0,243,79,0
2025-07-13 13:01:19.847445,25.0,46.0,76,76,0
2025-07-13 13:01:21.146034,-1,-1,79,79,0
2025-07-13 13:01:23.662351,25.0,46.0,122,122,0
2025-07-13 13:01:25.008747,25.0,46.0,242,78,0
2025-07-13 13:01:26.354819,-1,-1,242,79,0
2025-07-13 13:01:27.706055,-1,-1,79,255,0
2025-07-13 13:01:29.050653,-1,-1,80,80,0
2025-07-13 13:01:30.350167,-1,-1,240,79,0
2025-07-13 13:01:31.697374,25.0,46.0,236,77,0
2025-07-13 13:01:33.056426,25.0,46.0,79,79,0
2025-07-13 13:01:34.397266,-1,-1,115,115,0
2025-07-13 13:01:35.744395,-1,-1,224,79,0
2025-07-13 13:01:37.118970,-1,-1,0,220,0
2025-07-13 13:01:38.425227,25.0,46.0,80,80,0
2025-07-13 13:01:39.770587,-1,-1,79,79,0
2025-07-13 13:01:41.069230,-1,-1,224,79,0
2025-07-13 13:01:42.418352,25.0,46.0,223,106,0
2025-07-13 13:01:43.774275,25.0,46.0,79,79,0
2025-07-13 13:01:45.124912,25.0,46.0,79,79,0
2025-07-13 13:01:46.423878,25.0,46.0,225,78,0
2025-07-13 13:01:47.781486,-1,-1,222,79,0
2025-07-13 13:01:49.137490,25.0,46.0,107,107,0
2025-07-13 13:01:50.534709,25.0,46.0,224,80,0
2025-07-13 13:01:51.881620,-1,-1,225,78,0
2025-07-13 13:01:53.301584,25.0,46.0,78,78,0
2025-07-13 13:01:54.627064,25.0,46.0,76,76,0
2025-07-13 13:01:55.983640,-1,-1,79,79,0
2025-07-13 13:01:57.674310,25.0,46.0,79,79,0
2025-07-13 13:01:58.972885,26.0,46.0,78,78,0
2025-07-13 13:02:00.273432,25.0,46.0,231,79,0
2025-07-13 13:02:01.620094,-1,-1,224,80,0
2025-07-13 13:02:02.971499,25.0,45.0,79,79,0
2025-07-13 13:02:04.270116,-1,-1,81,81,0
2025-07-13 13:02:05.576323,-1,-1,227,119,0
2025-07-13 13:02:06.961490,26.0,46.0,226,79,0
2025-07-13 13:02:08.312695,25.0,46.0,78,78,0
2025-07-13 13:02:09.614495,25.0,46.0,80,80,0
2025-07-13 13:02:10.920704,25.0,46.0,226,98,0
2025-07-13 13:02:12.308711,-1,-1,223,80,0
2025-07-13 13:02:13.656237,25.0,45.0,80,80,0
2025-07-13 13:02:14.953700,25.0,46.0,80,80,0
2025-07-13 13:02:16.262726,25.0,46.0,216,115,0
2025-07-13 13:02:17.665427,-1,-1,211,80,0
2025-07-13 13:02:19.013476,25.0,45.0,80,80,0
2025-07-13 13:02:20.312819,25.0,45.0,80,80,0
2025-07-13 13:02:21.620955,-1,-1,81,81,0
2025-07-13 13:02:22.966136,25.0,46.0,80,80,0
2025-07-13 13:02:24.265136,25.0,45.0,145,192,0
2025-07-13 13:07:32.421709,-1,-1,164,88,0
2025-07-13 13:07:33.838785,26.0,46.0,159,86,0
2025-07-13 13:07:35.304129,25.0,45.0,157,85,0
2025-07-13 13:07:36.654811,26.0,46.0,161,86,1
2025-07-13 13:07:38.289524,-1,-1,202,86,1
2025-07-13 13:07:39.645605,26.0,46.0,87,87,0
2025-07-13 13:07:40.962648,25.0,45.0,88,88,0
2025-07-13 13:07:42.327848,26.0,46.0,202,88,0
2025-07-13 13:07:43.727417,-1,-1,202,87,0
2025-07-13 13:07:45.129634,26.0,46.0,85,85,0
2025-07-13 13:07:46.436586,26.0,46.0,85,85,0
2025-07-13 13:07:47.787637,26.0,46.0,203,194,0
2025-07-13 13:07:49.159619,-1,-1,200,86,0
2025-07-13 13:07:50.510552,26.0,46.0,87,87,0
2025-07-13 13:07:51.816458,-1,-1,140,140,0
2025-07-13 13:07:53.206594,-1,-1,205,85,0
2025-07-13 13:07:54.570947,26.0,46.0,87,65535,0
2025-07-13 13:07:56.026628,26.0,46.0,174,174,0
2025-07-13 13:07:57.382595,26.0,46.0,204,117,0
2025-07-13 13:07:58.755710,-1,-1,207,88,0
2025-07-13 13:08:00.106141,26.0,46.0,87,87,0
2025-07-13 13:08:01.502484,26.0,46.0,244,244,0
2025-07-13 13:08:02.951546,26.0,46.0,204,133,0
2025-07-13 13:08:59.322284,-1,-1,183,89,0
2025-07-13 13:09:00.743172,25.0,45.0,184,244,0
2025-07-13 13:09:02.212047,26.0,46.0,134,134,0
2025-07-13 13:09:03.609796,26.0,46.0,185,89,0
2025-07-13 13:09:04.958336,-1,-1,185,88,0
2025-07-13 13:09:06.307655,26.0,46.0,87,87,0
2025-07-13 13:09:07.614468,26.0,46.0,88,88,0
2025-07-13 13:09:08.955881,26.0,46.0,185,86,0
2025-07-13 13:09:10.303016,-1,-1,189,87,0
2025-07-13 13:09:11.653848,26.0,46.0,86,86,0
2025-07-13 13:09:12.961859,26.0,46.0,88,88,0
2025-07-13 13:09:14.296882,-1,-1,190,87,0
2025-07-13 13:10:08.158252,-1,-1,89,89,0
2025-07-13 13:10:09.545642,26.0,46.0,89,89,0
2025-07-13 13:10:10.850608,26.0,46.0,243,88,1
2025-07-13 13:10:12.197412,-1,-1,240,90,1
2025-07-13 13:10:13.556538,26.0,46.0,105,105,0
2025-07-13 13:10:14.946182,26.0,46.0,89,89,0
2025-07-13 13:10:16.268200,26.0,46.0,228,112,0
2025-07-13 13:10:17.617046,-1,-1,212,92,0
2025-07-13 13:10:19.063431,26.0,46.0,89,89,0
2025-07-13 13:10:20.704881,-1,-1,215,88,0
2025-07-13 13:10:23.622006,26.0,46.0,88,88,0
2025-07-13 13:10:24.959189,-1,-1,216,103,0
2025-07-13 13:10:26.314155,26.0,45.0,211,88,0
2025-07-13 13:10:27.663258,26.0,45.0,88,88,0
2025-07-13 13:10:28.968712,26.0,46.0,91,91,0
2025-07-13 13:10:54.504912,26.0,45.0,203,89,0
2025-07-13 13:10:55.955245,-1,-1,88,88,0
2025-07-13 13:10:57.262048,-1,-1,210,90,0
2025-07-13 13:10:58.610036,26.0,45.0,206,88,0
2025-07-13 13:10:59.968276,26.0,45.0,139,139,0
2025-07-13 13:11:01.371232,26.0,45.0,89,89,0
2025-07-13 13:11:02.740115,26.0,45.0,208,90,0
2025-07-13 13:11:04.111046,-1,-1,209,91,0
2025-07-13 13:11:05.471207,26.0,45.0,118,118,0
2025-07-13 13:11:06.869892,26.0,45.0,90,90,0
2025-07-13 13:11:08.209946,26.0,45.0,209,91,0
2025-07-13 13:11:09.557340,-1,-1,205,92,0
2025-07-13 13:11:10.921556,26.0,45.0,112,112,0
2025-07-13 13:11:12.324144,26.0,45.0,202,89,0
2025-07-13 13:11:13.672124,-1,-1,203,90,0
2025-07-13 13:11:15.030685,26.0,45.0,65535,88,0
2025-07-13 13:11:16.390755,26.0,45.0,90,90,0
2025-07-13 13:11:17.746142,26.0,45.0,199,177,0
2025-07-13 13:11:19.115041,-1,-1,218,89,0
2025-07-13 13:11:20.466973,26.0,45.0,90,90,0
2025-07-13 13:11:21.783892,26.0,45.0,422,422,0
2025-07-13 13:11:23.172470,26.0,45.0,223,92,0
2025-07-13 13:11:24.520878,-1,-1,225,92,0
2025-07-13 13:11:25.882207,26.0,45.0,91,91,0
2025-07-13 13:11:27.192248,26.0,45.0,206,206,0
2025-07-13 13:11:28.590715,26.0,45.0,226,91,0
2025-07-13 13:11:29.981928,26.0,45.0,224,92,0
2025-07-13 13:11:31.870547,-1,-1,92,92,1
2025-07-13 13:11:33.179033,26.0,45.0,90,90,1
2025-07-13 13:11:34.478613,-1,-1,231,90,0
2025-07-13 13:11:35.830701,-1,-1,189,90,1
2025-07-13 13:13:20.890016,-1,-1,203,91,0
2025-07-13 13:13:22.317978,26.0,45.0,202,94,0
2025-07-13 13:13:23.774492,26.0,45.0,282,282,0
2025-07-13 13:13:25.143189,26.0,45.0,91,91,0
2025-07-13 13:13:26.498171,26.0,45.0,200,93,0
2025-07-13 13:13:27.846748,-1,-1,197,92,0
2025-07-13 13:13:29.200751,26.0,45.0,92,92,0
2025-07-13 13:13:30.499134,-1,-1,163,163,0
2025-07-13 13:13:31.848076,-1,-1,198,92,0
2025-07-13 13:13:33.201411,26.0,45.0,201,91,0
2025-07-13 13:15:37.182701,-1,-1,196,109,0
2025-07-13 13:15:38.611305,25.0,44.0,195,186,0
2025-07-13 13:15:40.050443,26.0,45.0,95,95,0
2025-07-13 13:15:41.502095,26.0,46.0,197,95,0
2025-07-13 13:15:42.903261,-1,-1,199,95,0
2025-07-13 13:15:44.301144,26.0,45.0,94,94,0
2025-07-13 13:15:45.601949,-1,-1,202,202,0
2025-07-13 13:15:46.950765,-1,-1,192,98,0
2025-07-13 13:15:48.300602,26.0,46.0,195,94,0
2025-07-13 13:15:49.698208,26.0,46.0,95,95,0
2025-07-13 13:15:50.997749,-1,-1,96,96,0
2025-07-13 13:15:52.300266,-1,-1,196,95,0
2025-07-13 13:15:53.653597,26.0,45.0,195,95,0
